LOCATION,TIME,Value
AUS,2008-Q1,3.245562824
AUS,2008-Q2,2.937364777
AUS,2008-Q3,2.486236712
AUS,2008-Q4,1.591064411
AUS,2009-Q1,1.476778198
AUS,2009-Q2,1.91904506
AUS,2009-Q3,1.502471428
AUS,2009-Q4,2.752843238
AUS,2010-Q1,2.25700954
AUS,2010-Q2,2.179328809
AUS,2010-Q3,2.592015253
AUS,2010-Q4,2.719754084
AUS,2011-Q1,1.971908453
AUS,2011-Q2,2.597202235
AUS,2011-Q3,3.260124317
AUS,2011-Q4,3.463849048
AUS,2012-Q1,4.754282575
AUS,2012-Q2,4.185319581
AUS,2012-Q3,3.407465779
AUS,2012-Q4,2.79828479
AUS,2013-Q1,2.269373705
AUS,2013-Q2,1.948494442
AUS,2013-Q3,2.139164468
AUS,2013-Q4,2.468135907
AUS,2014-Q1,2.803838525
AUS,2014-Q2,2.834968401
AUS,2014-Q3,2.521064521
AUS,2014-Q4,2.073791145
AUS,2015-Q1,2.230142751
AUS,2015-Q2,1.870074297
AUS,2015-Q3,2.442672992
AUS,2015-Q4,2.685155552
AUS,2016-Q1,2.636820113
AUS,2016-Q2,3.196933779
AUS,2016-Q3,2.269976583
AUS,2016-Q4,2.723042554
AUS,2017-Q1,2.085255622
AUS,2017-Q2,2.109703736
AUS,2017-Q3,2.966102603
AUS,2017-Q4,2.342999115
AUS,2018-Q1,2.980591546
AUS,2018-Q2,3.19199709
AUS,2018-Q3,2.62809408
AUS,2018-Q4,2.314029712
AUS,2019-Q1,1.859594166
AUS,2019-Q2,1.663376181
AUS,2019-Q3,2.062512427
AUS,2019-Q4,2.332611991
AUS,2020-Q1,1.60326586
AUS,2020-Q2,-5.951825049
AUS,2020-Q3,-3.445513458
AUS,2020-Q4,-0.671635289
AUS,2021-Q1,1.408948631
AUS,2021-Q2,9.697725214
AUS,2021-Q3,4.05289391
AUS,2021-Q4,4.401727121
AUT,2008-Q1,3.058475961
AUT,2008-Q2,2.720115272
AUT,2008-Q3,1.69980248
AUT,2008-Q4,-1.417297057
AUT,2009-Q1,-3.760186911
AUT,2009-Q2,-5.299411528
AUT,2009-Q3,-4.273100174
AUT,2009-Q4,-1.601684157
AUT,2010-Q1,-0.289678221
AUT,2010-Q2,1.849538436
AUT,2010-Q3,2.326798573
AUT,2010-Q4,3.021779527
AUT,2011-Q1,4.337105716
AUT,2011-Q2,3.20599322
AUT,2011-Q3,2.976349735
AUT,2011-Q4,1.755440485
AUT,2012-Q1,1.692384895
AUT,2012-Q2,1.023518427
AUT,2012-Q3,0.171770274
AUT,2012-Q4,0.150743818
AUT,2013-Q1,-0.819819444
AUT,2013-Q2,-0.33398259
AUT,2013-Q3,0.301333072
AUT,2013-Q4,0.748784701
AUT,2014-Q1,0.703643544
AUT,2014-Q2,1.300267606
AUT,2014-Q3,0.742130395
AUT,2014-Q4,0.484916935
AUT,2015-Q1,0.992793512
AUT,2015-Q2,0.514621637
AUT,2015-Q3,1.18317205
AUT,2015-Q4,1.172421665
AUT,2016-Q1,1.973504371
AUT,2016-Q2,1.655840007
AUT,2016-Q3,1.635525188
AUT,2016-Q4,2.547777764
AUT,2017-Q1,1.917775861
AUT,2017-Q2,2.651723722
AUT,2017-Q3,2.61709346
AUT,2017-Q4,2.301502561
AUT,2018-Q1,2.749521437
AUT,2018-Q2,2.514052517
AUT,2018-Q3,2.126968259
AUT,2018-Q4,2.444951471
AUT,2019-Q1,2.388187585
AUT,2019-Q2,1.555556405
AUT,2019-Q3,1.624014947
AUT,2019-Q4,0.334706956
AUT,2020-Q1,-3.033312441
AUT,2020-Q2,-13.688759976
AUT,2020-Q3,-4.545700167
AUT,2020-Q4,-6.103462931
AUT,2021-Q1,-4.108757069
AUT,2021-Q2,12.902031161
AUT,2021-Q3,5.330822064
AUT,2021-Q4,6.513182736
BEL,2008-Q1,2.082244476
BEL,2008-Q2,1.682569743
BEL,2008-Q3,0.31390366
BEL,2008-Q4,-2.258376355
BEL,2009-Q1,-3.625919024
BEL,2009-Q2,-3.641015145
BEL,2009-Q3,-1.849735973
BEL,2009-Q4,1.131078891
BEL,2010-Q1,2.654143247
BEL,2010-Q2,3.616108409
BEL,2010-Q3,2.749811226
BEL,2010-Q4,2.447017697
BEL,2011-Q1,2.409563732
BEL,2011-Q2,1.620424939
BEL,2011-Q3,1.488149917
BEL,2011-Q4,1.272481695
BEL,2012-Q1,1.003608138
BEL,2012-Q2,0.79376286
BEL,2012-Q3,0.750261485
BEL,2012-Q4,0.411142977
BEL,2013-Q1,-0.079050592
BEL,2013-Q2,0.505328464
BEL,2013-Q3,0.571981872
BEL,2013-Q4,0.83789398
BEL,2014-Q1,1.55021681
BEL,2014-Q2,1.228594186
BEL,2014-Q3,1.612887217
BEL,2014-Q4,1.921343752
BEL,2015-Q1,2.012721266
BEL,2015-Q2,2.426382359
BEL,2015-Q3,1.918418379
BEL,2015-Q4,1.811273819
BEL,2016-Q1,1.34272954
BEL,2016-Q2,1.219500485
BEL,2016-Q3,1.203756948
BEL,2016-Q4,1.300882844
BEL,2017-Q1,1.902990414
BEL,2017-Q2,1.590915559
BEL,2017-Q3,1.347588924
BEL,2017-Q4,1.638432983
BEL,2018-Q1,1.400355705
BEL,2018-Q2,1.629500971
BEL,2018-Q3,2.088414207
BEL,2018-Q4,2.252565422
BEL,2019-Q1,2.077986818
BEL,2019-Q2,2.040741319
BEL,2019-Q3,2.328518864
BEL,2019-Q4,1.999873081
BEL,2020-Q1,-1.456903334
BEL,2020-Q2,-13.297134727
BEL,2020-Q3,-3.629760819
BEL,2020-Q4,-4.352385947
BEL,2021-Q1,0.061487069
BEL,2021-Q2,15.175465016
BEL,2021-Q3,5.09560052
BEL,2021-Q4,5.665514422
CAN,2008-Q1,1.585825708
CAN,2008-Q2,0.974880143
CAN,2008-Q3,1.377281448
CAN,2008-Q4,0.08807601
CAN,2009-Q1,-2.248517705
CAN,2009-Q2,-3.663660624
CAN,2009-Q3,-4.017306655
CAN,2009-Q4,-1.758873711
CAN,2010-Q1,1.724913568
CAN,2010-Q2,3.385402366
CAN,2010-Q3,3.651720446
CAN,2010-Q4,3.601873242
CAN,2011-Q1,3.140203861
CAN,2011-Q2,2.80319874
CAN,2011-Q3,3.488097449
CAN,2011-Q4,3.150369226
CAN,2012-Q1,2.442677819
CAN,2012-Q2,2.576982045
CAN,2012-Q3,1.318874171
CAN,2012-Q4,0.73508073
CAN,2013-Q1,1.573583484
CAN,2013-Q2,1.830937489
CAN,2013-Q3,2.521181159
CAN,2013-Q4,3.384447333
CAN,2014-Q1,2.632805647
CAN,2014-Q2,2.972572204
CAN,2014-Q3,3.119733603
CAN,2014-Q4,2.75380714
CAN,2015-Q1,2.022401696
CAN,2015-Q2,0.823871439
CAN,2015-Q3,0.219332497
CAN,2015-Q4,-0.394869166
CAN,2016-Q1,0.704858556
CAN,2016-Q2,0.483168091
CAN,2016-Q3,1.161554002
CAN,2016-Q4,1.653443587
CAN,2017-Q1,2.197779092
CAN,2017-Q2,3.75347556
CAN,2017-Q3,3.12771636
CAN,2017-Q4,3.083114067
CAN,2018-Q1,2.867253653
CAN,2018-Q2,2.624971128
CAN,2018-Q3,2.899105586
CAN,2018-Q4,2.717788724
CAN,2019-Q1,1.918859114
CAN,2019-Q2,2.126804807
CAN,2019-Q3,1.758138855
CAN,2019-Q4,1.717385462
CAN,2020-Q1,-0.567093183
CAN,2020-Q2,-12.414749165
CAN,2020-Q3,-4.856904767
CAN,2020-Q4,-3.062442805
CAN,2021-Q1,0.157745031
CAN,2021-Q2,11.698831984
CAN,2021-Q3,3.831474125
CAN,2021-Q4,3.232168148
CZE,2008-Q1,4.086643983
CZE,2008-Q2,3.914062455
CZE,2008-Q3,2.583955608
CZE,2008-Q4,-0.458873561
CZE,2009-Q1,-4.332828724
CZE,2009-Q2,-5.349052031
CZE,2009-Q3,-5.086406361
CZE,2009-Q4,-3.238640115
CZE,2010-Q1,0.849043346
CZE,2010-Q2,2.379254501
CZE,2010-Q3,2.783825203
CZE,2010-Q4,3.070529529
CZE,2011-Q1,2.965960554
CZE,2011-Q2,2.08772405
CZE,2011-Q3,1.157237979
CZE,2011-Q4,0.863094683
CZE,2012-Q1,0.027807877
CZE,2012-Q2,-0.693756836
CZE,2012-Q3,-0.917401482
CZE,2012-Q4,-1.233918475
CZE,2013-Q1,-1.359149167
CZE,2013-Q2,-0.543689248
CZE,2013-Q3,0.113273973
CZE,2013-Q4,1.630396629
CZE,2014-Q1,1.396007756
CZE,2014-Q2,2.049605777
CZE,2014-Q3,2.795065238
CZE,2014-Q4,2.79273164
CZE,2015-Q1,5.281546598
CZE,2015-Q2,5.745739998
CZE,2015-Q3,5.757359353
CZE,2015-Q4,5.098788695
CZE,2016-Q1,3.393559436
CZE,2016-Q2,2.255475396
CZE,2016-Q3,1.959620105
CZE,2016-Q4,2.170634498
CZE,2017-Q1,3.570373762
CZE,2017-Q2,6.131361227
CZE,2017-Q3,5.879392756
CZE,2017-Q4,5.894849621
CZE,2018-Q1,4.804497555
CZE,2018-Q2,2.681757146
CZE,2018-Q3,2.729405668
CZE,2018-Q4,2.558305925
CZE,2019-Q1,2.967140332
CZE,2019-Q2,3.019525607
CZE,2019-Q3,2.955063995
CZE,2019-Q4,2.884639764
CZE,2020-Q1,-1.478895656
CZE,2020-Q2,-10.941068999
CZE,2020-Q3,-5.480483527
CZE,2020-Q4,-5.314563429
CZE,2021-Q1,-2.289054372
CZE,2021-Q2,8.720905569
CZE,2021-Q3,3.574756399
CZE,2021-Q4,3.567476676
DNK,2008-Q1,1.45612883
DNK,2008-Q2,0.972250724
DNK,2008-Q3,-0.551895439
DNK,2008-Q4,-3.867425881
DNK,2009-Q1,-5.196421572
DNK,2009-Q2,-6.168268009
DNK,2009-Q3,-5.290600352
DNK,2009-Q4,-2.911942209
DNK,2010-Q1,-0.659459022
DNK,2010-Q2,1.996593348
DNK,2010-Q3,3.256597062
DNK,2010-Q4,2.930815669
DNK,2011-Q1,2.271855039
DNK,2011-Q2,2.595693052
DNK,2011-Q3,-0.261522916
DNK,2011-Q4,0.780333475
DNK,2012-Q1,0.491421016
DNK,2012-Q2,-0.430965796
DNK,2012-Q3,0.917642586
DNK,2012-Q4,-0.062150336
DNK,2013-Q1,0.571188203
DNK,2013-Q2,0.570215085
DNK,2013-Q3,1.11226999
DNK,2013-Q4,1.479632236
DNK,2014-Q1,1.166224286
DNK,2014-Q2,1.017899621
DNK,2014-Q3,2.062368885
DNK,2014-Q4,2.222885506
DNK,2015-Q1,2.662785995
DNK,2015-Q2,3.217787663
DNK,2015-Q3,1.824728012
DNK,2015-Q4,1.686875018
DNK,2016-Q1,2.158906178
DNK,2016-Q2,3.058665445
DNK,2016-Q3,3.620422425
DNK,2016-Q4,4.134965567
DNK,2017-Q1,3.622621239
DNK,2017-Q2,3.382501008
DNK,2017-Q3,2.136810628
DNK,2017-Q4,2.171760752
DNK,2018-Q1,2.027279546
DNK,2018-Q2,1.406567485
DNK,2018-Q3,2.392719949
DNK,2018-Q4,2.132945885
DNK,2019-Q1,2.278727084
DNK,2019-Q2,2.541672185
DNK,2019-Q3,2.303306018
DNK,2019-Q4,1.343164782
DNK,2020-Q1,0.210716339
DNK,2020-Q2,-6.572003611
DNK,2020-Q3,-1.21396796
DNK,2020-Q4,-0.658129743
DNK,2021-Q1,-0.183963225
DNK,2021-Q2,8.603049034
DNK,2021-Q3,3.820783238
DNK,2021-Q4,6.771971148
FIN,2008-Q1,3.960451139
FIN,2008-Q2,1.304736046
FIN,2008-Q3,0.729492064
FIN,2008-Q4,-2.715996578
FIN,2009-Q1,-8.905661724
FIN,2009-Q2,-8.569424208
FIN,2009-Q3,-8.041588241
FIN,2009-Q4,-6.75056789
FIN,2010-Q1,0.70712215
FIN,2010-Q2,3.942631175
FIN,2010-Q3,2.567301507
FIN,2010-Q4,5.536019488
FIN,2011-Q1,5.072646996
FIN,2011-Q2,2.070675525
FIN,2011-Q3,2.617074654
FIN,2011-Q4,0.53424173
FIN,2012-Q1,-0.46093186
FIN,2012-Q2,-1.342555677
FIN,2012-Q3,-1.842831478
FIN,2012-Q4,-1.946007999
FIN,2013-Q1,-2.359964294
FIN,2013-Q2,-0.860853711
FIN,2013-Q3,-0.130193592
FIN,2013-Q4,-0.232263912
FIN,2014-Q1,-0.146658286
FIN,2014-Q2,-0.443643947
FIN,2014-Q3,-0.406204538
FIN,2014-Q4,-0.465609267
FIN,2015-Q1,-0.471140274
FIN,2015-Q2,0.879815658
FIN,2015-Q3,0.48184543
FIN,2015-Q4,1.287365939
FIN,2016-Q1,3.340424309
FIN,2016-Q2,1.950050025
FIN,2016-Q3,3.111312491
FIN,2016-Q4,2.851778842
FIN,2017-Q1,2.635288009
FIN,2017-Q2,3.781061364
FIN,2017-Q3,3.004614033
FIN,2017-Q4,3.353168808
FIN,2018-Q1,2.60737582
FIN,2018-Q2,1.264987154
FIN,2018-Q3,0.703912402
FIN,2018-Q4,0.019427421
FIN,2019-Q1,0.519494242
FIN,2019-Q2,1.465898479
FIN,2019-Q3,1.567436852
FIN,2019-Q4,1.327871168
FIN,2020-Q1,0.332860321
FIN,2020-Q2,-6.713087569
FIN,2020-Q3,-1.969030778
FIN,2020-Q4,-0.815558344
FIN,2021-Q1,-0.637320808
FIN,2021-Q2,7.747147404
FIN,2021-Q3,3.609417104
FIN,2021-Q4,3.447185326
FRA,2008-Q1,1.824393905
FRA,2008-Q2,0.614667444
FRA,2008-Q3,-0.050607055
FRA,2008-Q4,-1.734247543
FRA,2009-Q1,-3.865915859
FRA,2009-Q2,-3.367771767
FRA,2009-Q3,-3.027405057
FRA,2009-Q4,-0.843929779
FRA,2010-Q1,1.209818208
FRA,2010-Q2,1.724495478
FRA,2010-Q3,2.192784556
FRA,2010-Q4,2.157417579
FRA,2011-Q1,2.855900867
FRA,2011-Q2,2.263836181
FRA,2011-Q3,2.110704657
FRA,2011-Q4,1.615897402
FRA,2012-Q1,0.609616124
FRA,2012-Q2,0.546230532
FRA,2012-Q3,0.315272215
FRA,2012-Q4,-0.014057196
FRA,2013-Q1,0.034357005
FRA,2013-Q2,0.868131197
FRA,2013-Q3,0.51508326
FRA,2013-Q4,1.312038223
FRA,2014-Q1,1.243168014
FRA,2014-Q2,0.654084747
FRA,2014-Q3,1.327363178
FRA,2014-Q4,0.629915855
FRA,2015-Q1,1.156643295
FRA,2015-Q2,1.178027276
FRA,2015-Q3,0.833984343
FRA,2015-Q4,1.074007024
FRA,2016-Q1,1.160914056
FRA,2016-Q2,0.75477654
FRA,2016-Q3,0.807791314
FRA,2016-Q4,1.19723451
FRA,2017-Q1,1.326047825
FRA,2017-Q2,2.413704609
FRA,2017-Q3,3.021887778
FRA,2017-Q4,3.031774154
FRA,2018-Q1,2.318331284
FRA,2018-Q2,1.984293354
FRA,2018-Q3,1.513072146
FRA,2018-Q4,1.487550164
FRA,2019-Q1,2.119372167
FRA,2019-Q2,2.397940647
FRA,2019-Q3,1.98337352
FRA,2019-Q4,1.045174251
FRA,2020-Q1,-5.323036701
FRA,2020-Q2,-18.897267446
FRA,2020-Q3,-3.163630006
FRA,2020-Q4,-4.187654563
FRA,2021-Q1,1.804711523
FRA,2021-Q2,19.156864633
FRA,2021-Q3,3.006804829
FRA,2021-Q4,4.932174324
DEU,2008-Q1,2.655653474
DEU,2008-Q2,1.565048592
DEU,2008-Q3,0.408135944
DEU,2008-Q4,-1.845717651
DEU,2009-Q1,-7.026768845
DEU,2009-Q2,-6.66062753
DEU,2009-Q3,-5.527477918
DEU,2009-Q4,-3.290887765
DEU,2010-Q1,2.277973069
DEU,2010-Q2,4.403387043
DEU,2010-Q3,4.69597184
DEU,2010-Q4,4.774038138
DEU,2011-Q1,5.942798953
DEU,2011-Q2,3.707855318
DEU,2011-Q3,3.763487211
DEU,2011-Q4,2.606848305
DEU,2012-Q1,0.876147746
DEU,2012-Q2,0.980562452
DEU,2012-Q3,0.377823848
DEU,2012-Q4,0.243074925
DEU,2013-Q1,-0.435611518
DEU,2013-Q2,0.439963565
DEU,2013-Q3,0.729425255
DEU,2013-Q4,1.483648492
DEU,2014-Q1,2.913075283
DEU,2014-Q2,1.82472532
DEU,2014-Q3,1.783270004
DEU,2014-Q4,2.302105746
DEU,2015-Q1,0.81967864
DEU,2015-Q2,1.532410198
DEU,2015-Q3,1.493771112
DEU,2015-Q4,1.110032878
DEU,2016-Q1,2.476818989
DEU,2016-Q2,2.178643906
DEU,2016-Q3,2.018125025
DEU,2016-Q4,1.90021589
DEU,2017-Q1,2.306102514
DEU,2017-Q2,2.679362955
DEU,2017-Q3,3.227702713
DEU,2017-Q4,3.734400223
DEU,2018-Q1,2.042184252
DEU,2018-Q2,1.816096978
DEU,2018-Q3,0.502174423
DEU,2018-Q4,0.084593112
DEU,2019-Q1,1.578883507
DEU,2019-Q2,0.518674349
DEU,2019-Q3,1.359957007
DEU,2019-Q4,0.894534052
DEU,2020-Q1,-1.919182065
DEU,2020-Q2,-11.286579908
DEU,2020-Q3,-3.660077954
DEU,2020-Q4,-2.871620591
DEU,2021-Q1,-2.792772679
DEU,2021-Q2,10.351161574
DEU,2021-Q3,2.889175259
DEU,2021-Q4,1.775371405
GRC,2008-Q1,2.385711643
GRC,2008-Q2,-1.147594182
GRC,2008-Q3,-0.624737981
GRC,2008-Q4,-1.52470938
GRC,2009-Q1,-6.770290811
GRC,2009-Q2,-3.564516207
GRC,2009-Q3,-4.170677348
GRC,2009-Q4,-2.688349298
GRC,2010-Q1,-3.566140916
GRC,2010-Q2,-9.645744466
GRC,2010-Q3,-11.992466326
GRC,2010-Q4,-12.777574794
GRC,2011-Q1,-11.178066134
GRC,2011-Q2,-9.407657783
GRC,2011-Q3,-8.212286974
GRC,2011-Q4,-11.656932405
GRC,2012-Q1,-8.360119298
GRC,2012-Q2,-8.322230769
GRC,2012-Q3,-7.784343769
GRC,2012-Q4,-4.224062567
GRC,2013-Q1,-4.899208785
GRC,2013-Q2,-3.059194259
GRC,2013-Q3,-1.620928861
GRC,2013-Q4,-0.196708805
GRC,2014-Q1,0.772213741
GRC,2014-Q2,0.356262441
GRC,2014-Q3,1.419701767
GRC,2014-Q4,-0.28054779
GRC,2015-Q1,0.316165312
GRC,2015-Q2,0.512329301
GRC,2015-Q3,-2.420556518
GRC,2015-Q4,0.389607142
GRC,2016-Q1,-1.132581485
GRC,2016-Q2,-1.313975175
GRC,2016-Q3,0.869921535
GRC,2016-Q4,-0.289056264
GRC,2017-Q1,0.476247628
GRC,2017-Q2,1.252814859
GRC,2017-Q3,2.026139441
GRC,2017-Q4,0.476950677
GRC,2018-Q1,2.106578897
GRC,2018-Q2,1.713274446
GRC,2018-Q3,0.376089948
GRC,2018-Q4,1.96671462
GRC,2019-Q1,1.186606592
GRC,2019-Q2,2.147844418
GRC,2019-Q3,2.328889918
GRC,2019-Q4,1.371194261
GRC,2020-Q1,-1.386897353
GRC,2020-Q2,-15.485028491
GRC,2020-Q3,-10.817381115
GRC,2020-Q4,-6.918963405
GRC,2021-Q1,-1.660602985
GRC,2021-Q2,15.031404564
GRC,2021-Q3,11.655569757
GRC,2021-Q4,8.139441481
HUN,2008-Q1,1.619975965
HUN,2008-Q2,2.379490399
HUN,2008-Q3,1.641729964
HUN,2008-Q4,-2.230229512
HUN,2009-Q1,-7.091517513
HUN,2009-Q2,-7.627793502
HUN,2009-Q3,-7.443095433
HUN,2009-Q4,-4.124368605
HUN,2010-Q1,0.029827822
HUN,2010-Q2,0.79588254
HUN,2010-Q3,1.629586211
HUN,2010-Q4,1.644381188
HUN,2011-Q1,2.526955735
HUN,2011-Q2,1.615175074
HUN,2011-Q3,1.029206759
HUN,2011-Q4,2.320134531
HUN,2012-Q1,-0.388389822
HUN,2012-Q2,-0.963763391
HUN,2012-Q3,-0.85253105
HUN,2012-Q4,-2.212326905
HUN,2013-Q1,-0.256009712
HUN,2013-Q2,1.391686289
HUN,2013-Q3,2.628162392
HUN,2013-Q4,3.651996251
HUN,2014-Q1,4.254211446
HUN,2014-Q2,4.608911352
HUN,2014-Q3,3.976784055
HUN,2014-Q4,3.665299104
HUN,2015-Q1,4.567095185
HUN,2015-Q2,3.322552016
HUN,2015-Q3,3.113079486
HUN,2015-Q4,3.608095302
HUN,2016-Q1,1.356012443
HUN,2016-Q2,2.619261236
HUN,2016-Q3,2.364551123
HUN,2016-Q4,2.193100987
HUN,2017-Q1,4.212270126
HUN,2017-Q2,4.062966508
HUN,2017-Q3,4.464983024
HUN,2017-Q4,5.044363587
HUN,2018-Q1,5.431220808
HUN,2018-Q2,5.164720369
HUN,2018-Q3,5.717192553
HUN,2018-Q4,5.282287919
HUN,2019-Q1,5.139430802
HUN,2019-Q2,4.635871015
HUN,2019-Q3,4.462441126
HUN,2019-Q4,3.990333522
HUN,2020-Q1,1.768339651
HUN,2020-Q2,-13.045853154
HUN,2020-Q3,-4.183064334
HUN,2020-Q4,-3.190839219
HUN,2021-Q1,-1.437426714
HUN,2021-Q2,17.601893902
HUN,2021-Q3,6.533096595
HUN,2021-Q4,7.148610678
ISL,2008-Q1,6.07380934
ISL,2008-Q2,4.071273022
ISL,2008-Q3,-1.076496937
ISL,2008-Q4,0.021443322
ISL,2009-Q1,-7.375694711
ISL,2009-Q2,-10.205126783
ISL,2009-Q3,-3.736742223
ISL,2009-Q4,-9.122327258
ISL,2010-Q1,-5.216354137
ISL,2010-Q2,-1.076424293
ISL,2010-Q3,-4.476266226
ISL,2010-Q4,-0.555381275
ISL,2011-Q1,1.4019793
ISL,2011-Q2,0.224082083
ISL,2011-Q3,4.05980913
ISL,2011-Q4,1.725537588
ISL,2012-Q1,2.625104086
ISL,2012-Q2,1.303316363
ISL,2012-Q3,0.151768101
ISL,2012-Q4,0.259147602
ISL,2013-Q1,4.364750343
ISL,2013-Q2,4.549940909
ISL,2013-Q3,3.628382746
ISL,2013-Q4,5.64586839
ISL,2014-Q1,1.924687884
ISL,2014-Q2,0.361291152
ISL,2014-Q3,4.15867896
ISL,2014-Q4,0.3576003
ISL,2015-Q1,1.518408163
ISL,2015-Q2,7.783196254
ISL,2015-Q3,3.263728572
ISL,2015-Q4,5.196167415
ISL,2016-Q1,3.912379621
ISL,2016-Q2,4.64346693
ISL,2016-Q3,7.338249816
ISL,2016-Q4,9.165672981
ISL,2017-Q1,8.060298253
ISL,2017-Q2,4.575598553
ISL,2017-Q3,2.368120258
ISL,2017-Q4,2.164690382
ISL,2018-Q1,6.970985915
ISL,2018-Q2,5.30918915
ISL,2018-Q3,4.628944084
ISL,2018-Q4,2.773902609
ISL,2019-Q1,4.128624618
ISL,2019-Q2,1.745841642
ISL,2019-Q3,0.814514108
ISL,2019-Q4,3.015785323
ISL,2020-Q1,-4.058877468
ISL,2020-Q2,-10.831659308
ISL,2020-Q3,-7.469530331
ISL,2020-Q4,-5.960508432
ISL,2021-Q1,-2.938226368
ISL,2021-Q2,10.002451321
ISL,2021-Q3,6.970821694
ISL,2021-Q4,3.927250623
IRL,2008-Q1,-2.735871342
IRL,2008-Q2,-3.694435743
IRL,2008-Q3,-1.963934188
IRL,2008-Q4,-9.812776385
IRL,2009-Q1,-6.922566152
IRL,2009-Q2,-5.028764247
IRL,2009-Q3,-5.547283081
IRL,2009-Q4,-2.687945169
IRL,2010-Q1,-0.299861288
IRL,2010-Q2,0.322584096
IRL,2010-Q3,2.188358757
IRL,2010-Q4,3.008036908
IRL,2011-Q1,0.804573379
IRL,2011-Q2,2.249996379
IRL,2011-Q3,-0.049447465
IRL,2011-Q4,0.597223941
IRL,2012-Q1,-0.739586495
IRL,2012-Q2,-0.126586036
IRL,2012-Q3,-0.1544783
IRL,2012-Q4,0.394654639
IRL,2013-Q1,-0.608294967
IRL,2013-Q2,0.200913553
IRL,2013-Q3,4.12418512
IRL,2013-Q4,2.656774629
IRL,2014-Q1,8.320853236
IRL,2014-Q2,9.551779836
IRL,2014-Q3,7.774986448
IRL,2014-Q4,8.350731184
IRL,2015-Q1,29.18321408
IRL,2015-Q2,21.627918861
IRL,2015-Q3,24.642481347
IRL,2015-Q4,26.119873132
IRL,2016-Q1,-1.099619148
IRL,2016-Q2,2.696001508
IRL,2016-Q3,-1.312811132
IRL,2016-Q4,9.068201116
IRL,2017-Q1,7.276672051
IRL,2017-Q2,8.949837394
IRL,2017-Q3,13.520534901
IRL,2017-Q4,7.133942512
IRL,2018-Q1,12.75981067
IRL,2018-Q2,12.366366389
IRL,2018-Q3,8.131623312
IRL,2018-Q4,4.016010076
IRL,2019-Q1,5.05048268
IRL,2019-Q2,4.510225621
IRL,2019-Q3,5.559494723
IRL,2019-Q4,5.403122015
IRL,2020-Q1,6.483361238
IRL,2020-Q2,0.960769581
IRL,2020-Q3,11.238677219
IRL,2020-Q4,4.789661037
IRL,2021-Q1,11.79001744
IRL,2021-Q2,20.727809627
IRL,2021-Q3,11.520003122
IRL,2021-Q4,9.90370979
ITA,2008-Q1,1.178644691
ITA,2008-Q2,0.041693491
ITA,2008-Q3,-1.413232877
ITA,2008-Q4,-3.667227469
ITA,2009-Q1,-7.296198986
ITA,2009-Q2,-6.708562559
ITA,2009-Q3,-4.99520869
ITA,2009-Q4,-2.122469889
ITA,2010-Q1,0.856844126
ITA,2010-Q2,1.935194734
ITA,2010-Q3,1.829995789
ITA,2010-Q4,2.057593402
ITA,2011-Q1,2.269855781
ITA,2011-Q2,1.556687004
ITA,2011-Q3,0.545240331
ITA,2011-Q4,-0.951658476
ITA,2012-Q1,-2.491872548
ITA,2012-Q2,-3.2554239
ITA,2012-Q3,-3.251035171
ITA,2012-Q4,-3.059459384
ITA,2013-Q1,-2.909571423
ITA,2013-Q2,-2.16813539
ITA,2013-Q3,-1.431975073
ITA,2013-Q4,-0.904802781
ITA,2014-Q1,0.186335025
ITA,2014-Q2,0.134783172
ITA,2014-Q3,0.007220859
ITA,2014-Q4,-0.040131745
ITA,2015-Q1,0.066099497
ITA,2015-Q2,0.494675431
ITA,2015-Q3,0.632545344
ITA,2015-Q4,1.436718007
ITA,2016-Q1,1.444889328
ITA,2016-Q2,1.252262388
ITA,2016-Q3,1.582185824
ITA,2016-Q4,1.337739034
ITA,2017-Q1,1.617353901
ITA,2017-Q2,1.814360382
ITA,2017-Q3,1.627175769
ITA,2017-Q4,1.880438479
ITA,2018-Q1,1.279378996
ITA,2018-Q2,0.923618648
ITA,2018-Q3,0.642382001
ITA,2018-Q4,0.400140681
ITA,2019-Q1,0.635998315
ITA,2019-Q2,0.901130929
ITA,2019-Q3,0.782907227
ITA,2019-Q4,-0.327882915
ITA,2020-Q1,-6.400799877
ITA,2020-Q2,-18.453551768
ITA,2020-Q3,-5.372948176
ITA,2020-Q4,-6.099895169
ITA,2021-Q1,0.03779936
ITA,2021-Q2,17.545308273
ITA,2021-Q3,3.969037064
ITA,2021-Q4,6.357834401
JPN,2008-Q1,0.287342539
JPN,2008-Q2,-0.339702277
JPN,2008-Q3,-1.049286487
JPN,2008-Q4,-3.894058743
JPN,2009-Q1,-8.840112165
JPN,2009-Q2,-6.519778315
JPN,2009-Q3,-5.383187657
JPN,2009-Q4,-1.787467786
JPN,2010-Q1,4.257672528
JPN,2010-Q2,3.484137609
JPN,2010-Q3,5.410838083
JPN,2010-Q4,3.266700651
JPN,2011-Q1,1.112989143
JPN,2011-Q2,-0.941990466
JPN,2011-Q3,-0.342104608
JPN,2011-Q4,0.327425682
JPN,2012-Q1,2.80265477
JPN,2012-Q2,2.764930135
JPN,2012-Q3,-0.051057807
JPN,2012-Q4,0.006848823
JPN,2013-Q1,0.012800991
JPN,2013-Q2,1.838115024
JPN,2013-Q3,3.206148988
JPN,2013-Q4,3.150941416
JPN,2014-Q1,2.585641346
JPN,2014-Q2,-0.181189754
JPN,2014-Q3,-1.042460113
JPN,2014-Q4,-0.461242832
JPN,2015-Q1,0.257144104
JPN,2015-Q2,2.260462826
JPN,2015-Q3,2.260108788
JPN,2015-Q4,1.621263639
JPN,2016-Q1,0.806564725
JPN,2016-Q2,0.527855653
JPN,2016-Q3,0.618863963
JPN,2016-Q4,0.91946795
JPN,2017-Q1,0.998612137
JPN,2017-Q2,1.564219484
JPN,2017-Q3,2.15833762
JPN,2017-Q4,2.091781556
JPN,2018-Q1,1.432552619
JPN,2018-Q2,1.39434895
JPN,2018-Q3,-0.107738927
JPN,2018-Q4,-0.431873573
JPN,2019-Q1,-0.039339698
JPN,2019-Q2,0.073089721
JPN,2019-Q3,0.801754463
JPN,2019-Q4,-1.800490605
JPN,2020-Q1,-1.889553218
JPN,2020-Q2,-10.083103268
JPN,2020-Q3,-5.317707116
JPN,2020-Q4,-0.842442583
JPN,2021-Q1,-1.721338574
JPN,2021-Q2,7.388838567
JPN,2021-Q3,1.185812004
JPN,2021-Q4,0.412170371
KOR,2008-Q1,5.567555979
KOR,2008-Q2,4.315216973
KOR,2008-Q3,3.946152422
KOR,2008-Q4,-1.589977756
KOR,2009-Q1,-1.896186505
KOR,2009-Q2,-1.106362311
KOR,2009-Q3,1.028926786
KOR,2009-Q4,5.239425329
KOR,2010-Q1,7.204676456
KOR,2010-Q2,7.804557338
KOR,2010-Q3,5.881250359
KOR,2010-Q4,6.377779149
KOR,2011-Q1,5.307370682
KOR,2011-Q2,3.851242513
KOR,2011-Q3,3.205589616
KOR,2011-Q4,2.44390986
KOR,2012-Q1,2.375435273
KOR,2012-Q2,2.452028853
KOR,2012-Q3,2.376054121
KOR,2012-Q4,2.406572286
KOR,2013-Q1,2.403988302
KOR,2013-Q2,3.014827768
KOR,2013-Q3,3.473511616
KOR,2013-Q4,3.755183823
KOR,2014-Q1,3.824688709
KOR,2014-Q2,3.500273069
KOR,2014-Q3,2.930433986
KOR,2014-Q4,2.574595409
KOR,2015-Q1,2.480268289
KOR,2015-Q2,2.04324107
KOR,2015-Q3,3.232595765
KOR,2015-Q4,3.470945248
KOR,2016-Q1,2.926494945
KOR,2016-Q2,3.671215604
KOR,2016-Q3,2.630505148
KOR,2016-Q4,2.572190823
KOR,2017-Q1,3.242147538
KOR,2017-Q2,2.757337588
KOR,2017-Q3,3.767675681
KOR,2017-Q4,2.872493588
KOR,2018-Q1,3.062091596
KOR,2018-Q2,3.023521939
KOR,2018-Q3,2.217632527
KOR,2018-Q4,3.332470097
KOR,2019-Q1,1.955154074
KOR,2019-Q2,2.372984127
KOR,2019-Q3,2.085000621
KOR,2019-Q4,2.557298587
KOR,2020-Q1,1.466146721
KOR,2020-Q2,-2.648979526
KOR,2020-Q3,-0.765323943
KOR,2020-Q4,-0.838521051
KOR,2021-Q1,2.159842812
KOR,2021-Q2,6.254134737
KOR,2021-Q3,4.038118083
KOR,2021-Q4,4.165612121
LUX,2008-Q1,3.360666487
LUX,2008-Q2,0.011279991
LUX,2008-Q3,-0.077694162
LUX,2008-Q4,-4.516749601
LUX,2009-Q1,-7.313724218
LUX,2009-Q2,-5.119012108
LUX,2009-Q3,-2.284712245
LUX,2009-Q4,1.927611799
LUX,2010-Q1,5.728536601
LUX,2010-Q2,5.568658457
LUX,2010-Q3,1.723842315
LUX,2010-Q4,2.005656901
LUX,2011-Q1,1.43353695
LUX,2011-Q2,-0.62568991
LUX,2011-Q3,2.206906886
LUX,2011-Q4,1.132044618
LUX,2012-Q1,0.455507657
LUX,2012-Q2,1.427527924
LUX,2012-Q3,1.256960163
LUX,2012-Q4,3.394926031
LUX,2013-Q1,2.861265668
LUX,2013-Q2,4.866139591
LUX,2013-Q3,3.84127553
LUX,2013-Q4,1.156370758
LUX,2014-Q1,3.245268661
LUX,2014-Q2,-0.079266942
LUX,2014-Q3,1.927386059
LUX,2014-Q4,5.435705729
LUX,2015-Q1,2.525301306
LUX,2015-Q2,4.623170604
LUX,2015-Q3,2.007562975
LUX,2015-Q4,0.089088379
LUX,2016-Q1,3.830193138
LUX,2016-Q2,4.581639244
LUX,2016-Q3,5.849962774
LUX,2016-Q4,5.697354249
LUX,2017-Q1,1.070935307
LUX,2017-Q2,1.068493987
LUX,2017-Q3,1.612504933
LUX,2017-Q4,1.516171962
LUX,2018-Q1,3.38834087
LUX,2018-Q2,1.560124502
LUX,2018-Q3,1.495348296
LUX,2018-Q4,1.712550685
LUX,2019-Q1,2.677378736
LUX,2019-Q2,4.857518474
LUX,2019-Q3,3.166855965
LUX,2019-Q4,2.490826119
LUX,2020-Q1,-0.408020849
LUX,2020-Q2,-8.013470029
LUX,2020-Q3,0.051299773
LUX,2020-Q4,1.310071603
LUX,2021-Q1,5.146926968
LUX,2021-Q2,12.852455598
LUX,2021-Q3,5.119502756
LUX,2021-Q4,4.875703963
MEX,2008-Q1,1.60356147
MEX,2008-Q2,1.595815334
MEX,2008-Q3,1.28258586
MEX,2008-Q4,-0.760406868
MEX,2009-Q1,-5.660431239
MEX,2009-Q2,-7.755378335
MEX,2009-Q3,-5.019779037
MEX,2009-Q4,-1.841912447
MEX,2010-Q1,4.54332075
MEX,2010-Q2,7.282906056
MEX,2010-Q3,4.8346048
MEX,2010-Q4,3.922125707
MEX,2011-Q1,3.626788158
MEX,2011-Q2,3.041059156
MEX,2011-Q3,4.066370708
MEX,2011-Q4,3.94497475
MEX,2012-Q1,3.837725389
MEX,2012-Q2,4.177595656
MEX,2012-Q3,2.771372901
MEX,2012-Q4,2.975069394
MEX,2013-Q1,2.558275031
MEX,2013-Q2,1.109509507
MEX,2013-Q3,1.483526015
MEX,2013-Q4,1.185244693
MEX,2014-Q1,1.631552607
MEX,2014-Q2,3.488944538
MEX,2014-Q3,2.904287774
MEX,2014-Q4,3.400510768
MEX,2015-Q1,3.252439088
MEX,2015-Q2,3.150415573
MEX,2015-Q3,4.139178305
MEX,2015-Q4,2.709397046
MEX,2016-Q1,2.747144287
MEX,2016-Q2,1.987640406
MEX,2016-Q3,1.730077348
MEX,2016-Q4,3.128743829
MEX,2017-Q1,3.019556027
MEX,2017-Q2,2.920092593
MEX,2017-Q3,1.589535323
MEX,2017-Q4,1.831415108
MEX,2018-Q1,2.481227948
MEX,2018-Q2,2.144506592
MEX,2018-Q3,2.863550697
MEX,2018-Q4,1.268387348
MEX,2019-Q1,0.17122953
MEX,2019-Q2,-0.210169023
MEX,2019-Q3,-0.105045034
MEX,2019-Q4,-0.598088017
MEX,2020-Q1,-1.611668498
MEX,2020-Q2,-18.845050825
MEX,2020-Q3,-8.32104077
MEX,2020-Q4,-4.251282271
MEX,2021-Q1,-2.916873108
MEX,2021-Q2,19.581044943
MEX,2021-Q3,4.599729965
MEX,2021-Q4,1.20057713
NLD,2008-Q1,3.347400249
NLD,2008-Q2,3.327802565
NLD,2008-Q3,2.061055447
NLD,2008-Q4,0.034028853
NLD,2009-Q1,-3.875672173
NLD,2009-Q2,-4.344447473
NLD,2009-Q3,-3.843695076
NLD,2009-Q4,-2.62188036
NLD,2010-Q1,0.817613978
NLD,2010-Q2,1.257324097
NLD,2010-Q3,1.298589277
NLD,2010-Q4,1.82723588
NLD,2011-Q1,2.609041666
NLD,2011-Q2,2.069453852
NLD,2011-Q3,1.621153843
NLD,2011-Q4,-0.117624241
NLD,2012-Q1,-0.899171644
NLD,2012-Q2,-0.75916764
NLD,2012-Q3,-1.185036124
NLD,2012-Q4,-1.281519432
NLD,2013-Q1,-0.754979428
NLD,2013-Q2,-0.985905847
NLD,2013-Q3,0.039970728
NLD,2013-Q4,1.38497114
NLD,2014-Q1,0.962696116
NLD,2014-Q2,1.737896984
NLD,2014-Q3,1.380732704
NLD,2014-Q4,1.643506055
NLD,2015-Q1,2.34598117
NLD,2015-Q2,2.064727176
NLD,2015-Q3,2.159549803
NLD,2015-Q4,1.267955687
NLD,2016-Q1,1.594948325
NLD,2016-Q2,1.520433163
NLD,2016-Q3,2.30395343
NLD,2016-Q4,3.144898161
NLD,2017-Q1,2.732828044
NLD,2017-Q2,3.392672588
NLD,2017-Q3,2.993920187
NLD,2017-Q4,2.937041833
NLD,2018-Q1,2.815785276
NLD,2018-Q2,2.557864465
NLD,2018-Q3,2.109475019
NLD,2018-Q4,1.807199253
NLD,2019-Q1,2.02216115
NLD,2019-Q2,1.810296957
NLD,2019-Q3,1.888930804
NLD,2019-Q4,1.910179306
NLD,2020-Q1,-0.37328283
NLD,2020-Q2,-9.097024391
NLD,2020-Q3,-2.629024798
NLD,2020-Q4,-3.117371989
NLD,2021-Q1,-2.007118904
NLD,2021-Q2,10.965909955
NLD,2021-Q3,5.318738406
NLD,2021-Q4,6.380866649
NZL,2008-Q1,1.508056031
NZL,2008-Q2,0.290305434
NZL,2008-Q3,-0.78939892
NZL,2008-Q4,-1.616726433
NZL,2009-Q1,-2.300625965
NZL,2009-Q2,-2.058871494
NZL,2009-Q3,-1.237497188
NZL,2009-Q4,0.691913264
NZL,2010-Q1,2.049009819
NZL,2010-Q2,2.828539316
NZL,2010-Q3,2.066937288
NZL,2010-Q4,0.263819866
NZL,2011-Q1,1.027376317
NZL,2011-Q2,0.823803259
NZL,2011-Q3,2.11639138
NZL,2011-Q4,3.239097622
NZL,2012-Q1,2.754181715
NZL,2012-Q2,2.581707219
NZL,2012-Q3,1.792349727
NZL,2012-Q4,2.766033113
NZL,2013-Q1,1.816360994
NZL,2013-Q2,2.663509335
NZL,2013-Q3,2.994514611
NZL,2013-Q4,1.682239397
NZL,2014-Q1,3.527415093
NZL,2014-Q2,2.855563392
NZL,2014-Q3,3.568924016
NZL,2014-Q4,4.995367657
NZL,2015-Q1,3.776080477
NZL,2015-Q2,3.986507775
NZL,2015-Q3,3.791816119
NZL,2015-Q4,3.194612019
NZL,2016-Q1,4.060530993
NZL,2016-Q2,4.28281172
NZL,2016-Q3,4.131109387
NZL,2016-Q4,3.42378501
NZL,2017-Q1,3.279338957
NZL,2017-Q2,3.406197125
NZL,2017-Q3,3.415228839
NZL,2017-Q4,3.911114111
NZL,2018-Q1,3.557708368
NZL,2018-Q2,3.612984266
NZL,2018-Q3,3.060121815
NZL,2018-Q4,3.523585289
NZL,2019-Q1,3.220967742
NZL,2019-Q2,2.66709204
NZL,2019-Q3,3.274287076
NZL,2019-Q4,2.368441691
NZL,2020-Q1,0.442208229
NZL,2020-Q2,-10.391224636
NZL,2020-Q3,1.066055441
NZL,2020-Q4,0.335555045
NZL,2021-Q1,3.201617922
NZL,2021-Q2,17.855532822
NZL,2021-Q3,-0.217659325
NZL,2021-Q4,3.118318979
NOR,2008-Q1,1.097354766
NOR,2008-Q2,1.149481624
NOR,2008-Q3,-0.314547504
NOR,2008-Q4,-1.078735198
NOR,2009-Q1,-0.647336721
NOR,2009-Q2,-1.570354162
NOR,2009-Q3,-1.326673352
NOR,2009-Q4,-1.582324827
NOR,2010-Q1,1.17341442
NOR,2010-Q2,0.986263818
NOR,2010-Q3,-1.583117556
NOR,2010-Q4,1.125758917
NOR,2011-Q1,-0.716850427
NOR,2011-Q2,-0.065040358
NOR,2011-Q3,4.129197076
NOR,2011-Q4,1.338047272
NOR,2012-Q1,3.439979648
NOR,2012-Q2,4.114329873
NOR,2012-Q3,0.978067388
NOR,2012-Q4,1.750952373
NOR,2013-Q1,-0.259778138
NOR,2013-Q2,0.224397702
NOR,2013-Q3,2.696098976
NOR,2013-Q4,1.682972714
NOR,2014-Q1,2.058856329
NOR,2014-Q2,2.075706131
NOR,2014-Q3,1.509161811
NOR,2014-Q4,2.932518752
NOR,2015-Q1,2.136302822
NOR,2015-Q2,1.924428113
NOR,2015-Q3,2.68709773
NOR,2015-Q4,0.556183286
NOR,2016-Q1,0.949763569
NOR,2016-Q2,0.385706397
NOR,2016-Q3,-1.081657864
NOR,2016-Q4,1.131210516
NOR,2017-Q1,2.000701794
NOR,2017-Q2,3.016079238
NOR,2017-Q3,4.041466204
NOR,2017-Q4,2.081467905
NOR,2018-Q1,1.863449402
NOR,2018-Q2,1.194846951
NOR,2018-Q3,1.139360105
NOR,2018-Q4,1.753153678
NOR,2019-Q1,0.688701644
NOR,2019-Q2,0.559523366
NOR,2019-Q3,0.148885882
NOR,2019-Q4,1.549642783
NOR,2020-Q1,0.491073338
NOR,2020-Q2,-4.363527272
NOR,2020-Q3,-0.295535243
NOR,2020-Q4,-1.077017114
NOR,2021-Q1,0.213031669
NOR,2021-Q2,5.909962451
NOR,2021-Q3,5.364188889
NOR,2021-Q4,4.711182522
POL,2008-Q1,6.237085775
POL,2008-Q2,5.295227485
POL,2008-Q3,3.189541943
POL,2008-Q4,2.233839054
POL,2009-Q1,1.893858505
POL,2009-Q2,1.693680304
POL,2009-Q3,2.627167212
POL,2009-Q4,4.663035213
POL,2010-Q1,2.60101157
POL,2010-Q2,4.118729303
POL,2010-Q3,4.885076395
POL,2010-Q4,3.431535565
POL,2011-Q1,5.042055196
POL,2011-Q2,4.844438571
POL,2011-Q3,4.812914618
POL,2011-Q4,4.456022278
POL,2012-Q1,3.362163902
POL,2012-Q2,1.75033175
POL,2012-Q3,0.895997865
POL,2012-Q4,-0.26719845
POL,2013-Q1,-0.272455053
POL,2013-Q2,1.049422055
POL,2013-Q3,1.369326743
POL,2013-Q4,2.175390462
POL,2014-Q1,3.164913312
POL,2014-Q2,3.228224734
POL,2014-Q3,3.308633404
POL,2014-Q4,3.711478524
POL,2015-Q1,4.105162908
POL,2015-Q2,3.743780912
POL,2015-Q3,4.183960498
POL,2015-Q4,4.795829117
POL,2016-Q1,3.022186239
POL,2016-Q2,3.561817946
POL,2016-Q3,2.519999929
POL,2016-Q4,3.589764542
POL,2017-Q1,4.87138456
POL,2017-Q2,4.432483479
POL,2017-Q3,5.324168027
POL,2017-Q4,4.796703263
POL,2018-Q1,5.115134995
POL,2018-Q2,5.593328568
POL,2018-Q3,5.825028303
POL,2018-Q4,4.946350003
POL,2019-Q1,5.525955492
POL,2019-Q2,4.953590128
POL,2019-Q3,4.517193662
POL,2019-Q4,4.046865222
POL,2020-Q1,2.606527216
POL,2020-Q2,-7.466626348
POL,2020-Q3,-1.563538417
POL,2020-Q4,-2.068446882
POL,2021-Q1,-1.127708214
POL,2021-Q2,10.956546573
POL,2021-Q3,6.062586945
POL,2021-Q4,7.979761174
PRT,2008-Q1,1.783361064
PRT,2008-Q2,0.835148152
PRT,2008-Q3,0.544806431
PRT,2008-Q4,-1.851532345
PRT,2009-Q1,-4.328946865
PRT,2009-Q2,-3.769342325
PRT,2009-Q3,-2.840185393
PRT,2009-Q4,-1.521659332
PRT,2010-Q1,1.852117731
PRT,2010-Q2,2.323261872
PRT,2010-Q3,1.513466221
PRT,2010-Q4,1.268103738
PRT,2011-Q1,-0.222233209
PRT,2011-Q2,-1.196017007
PRT,2011-Q3,-2.049629081
PRT,2011-Q4,-3.310166708
PRT,2012-Q1,-3.19826619
PRT,2012-Q2,-4.091744129
PRT,2012-Q3,-4.428694766
PRT,2012-Q4,-4.527642954
PRT,2013-Q1,-3.604207477
PRT,2013-Q2,-1.546055897
PRT,2013-Q3,-0.560105728
PRT,2013-Q4,2.143056093
PRT,2014-Q1,1.066874721
PRT,2014-Q2,0.639918033
PRT,2014-Q3,0.875727424
PRT,2014-Q4,0.590349244
PRT,2015-Q1,1.892981477
PRT,2015-Q2,1.857357964
PRT,2015-Q3,1.876774457
PRT,2015-Q4,1.543573076
PRT,2016-Q1,1.363934383
PRT,2016-Q2,1.365877713
PRT,2016-Q3,2.439463797
PRT,2016-Q4,2.901011108
PRT,2017-Q1,3.622097634
PRT,2017-Q2,3.834597164
PRT,2017-Q3,3.342896141
PRT,2017-Q4,3.233822787
PRT,2018-Q1,2.781332358
PRT,2018-Q2,3.06183269
PRT,2018-Q3,2.888588032
PRT,2018-Q4,2.667707197
PRT,2019-Q1,2.824818654
PRT,2019-Q2,2.605571366
PRT,2019-Q3,2.540924798
PRT,2019-Q4,2.760682184
PRT,2020-Q1,-2.634006101
PRT,2020-Q2,-17.945345509
PRT,2020-Q3,-6.338843252
PRT,2020-Q4,-6.849308042
PRT,2021-Q1,-5.398154892
PRT,2021-Q2,16.487184295
PRT,2021-Q3,4.350769623
PRT,2021-Q4,5.869642628
SVK,2008-Q1,8.445381657
SVK,2008-Q2,7.148887717
SVK,2008-Q3,6.155490473
SVK,2008-Q4,1.010496616
SVK,2009-Q1,-6.054620098
SVK,2009-Q2,-5.68343153
SVK,2009-Q3,-5.401374272
SVK,2009-Q4,-4.710532536
SVK,2010-Q1,7.354662236
SVK,2010-Q2,6.843989659
SVK,2010-Q3,6.190170764
SVK,2010-Q4,4.85645206
SVK,2011-Q1,3.304210818
SVK,2011-Q2,2.816991635
SVK,2011-Q3,2.170012582
SVK,2011-Q4,2.277577596
SVK,2012-Q1,2.175226266
SVK,2012-Q2,1.638873461
SVK,2012-Q3,1.261523973
SVK,2012-Q4,0.375459348
SVK,2013-Q1,0.174501846
SVK,2013-Q2,0.334213523
SVK,2013-Q3,0.704660113
SVK,2013-Q4,1.405048987
SVK,2014-Q1,1.993151549
SVK,2014-Q2,2.442377097
SVK,2014-Q3,2.956273567
SVK,2014-Q4,3.494255825
SVK,2015-Q1,4.841112414
SVK,2015-Q2,5.342842979
SVK,2015-Q3,5.53762226
SVK,2015-Q4,5.136719367
SVK,2016-Q1,3.125137264
SVK,2016-Q2,2.107542165
SVK,2016-Q3,1.319502166
SVK,2016-Q4,1.209844996
SVK,2017-Q1,2.090136549
SVK,2017-Q2,2.792111345
SVK,2017-Q3,3.242815708
SVK,2017-Q4,3.784602642
SVK,2018-Q1,3.709352789
SVK,2018-Q2,3.917800453
SVK,2018-Q3,4.091671405
SVK,2018-Q4,3.462129594
SVK,2019-Q1,3.597508886
SVK,2019-Q2,2.787283341
SVK,2019-Q3,2.035528051
SVK,2019-Q4,2.026661787
SVK,2020-Q1,-2.804286447
SVK,2020-Q2,-10.127253048
SVK,2020-Q3,-2.216534754
SVK,2020-Q4,-2.30236364
SVK,2021-Q1,0.190504277
SVK,2021-Q2,10.030445541
SVK,2021-Q3,1.248037643
SVK,2021-Q4,1.169964389
ESP,2008-Q1,2.544256265
ESP,2008-Q2,1.74439843
ESP,2008-Q3,0.78426446
ESP,2008-Q4,-1.475769982
ESP,2009-Q1,-4.24945107
ESP,2009-Q2,-4.364255549
ESP,2009-Q3,-3.985540796
ESP,2009-Q4,-2.430336859
ESP,2010-Q1,0.15163904
ESP,2010-Q2,0.31260338
ESP,2010-Q3,0.05007437
ESP,2010-Q4,0.137639866
ESP,2011-Q1,0.009648641
ESP,2011-Q2,-0.456512717
ESP,2011-Q3,-1.051035465
ESP,2011-Q4,-1.758701814
ESP,2012-Q1,-2.527328994
ESP,2012-Q2,-3.157385348
ESP,2012-Q3,-3.022491654
ESP,2012-Q4,-3.133862306
ESP,2013-Q1,-2.530045721
ESP,2013-Q2,-1.670138916
ESP,2013-Q3,-1.220482784
ESP,2013-Q4,-0.295494008
ESP,2014-Q1,0.391740256
ESP,2014-Q2,0.945221705
ESP,2014-Q3,1.74793584
ESP,2014-Q4,2.450614801
ESP,2015-Q1,3.246965453
ESP,2015-Q2,3.873276253
ESP,2015-Q3,4.048558095
ESP,2015-Q4,4.162744164
ESP,2016-Q1,3.678792401
ESP,2016-Q2,3.008578363
ESP,2016-Q3,2.985140797
ESP,2016-Q4,2.470572308
ESP,2017-Q1,2.588779171
ESP,2017-Q2,3.257293623
ESP,2017-Q3,2.940226867
ESP,2017-Q4,3.105170881
ESP,2018-Q1,2.679684843
ESP,2018-Q2,2.184344364
ESP,2018-Q3,2.123714933
ESP,2018-Q4,2.173890457
ESP,2019-Q1,2.401358009
ESP,2019-Q2,2.176754078
ESP,2019-Q3,2.035871746
ESP,2019-Q4,1.733430049
ESP,2020-Q1,-4.326540789
ESP,2020-Q2,-21.50187491
ESP,2020-Q3,-8.661583225
ESP,2020-Q4,-8.801676573
ESP,2021-Q1,-4.08938036
ESP,2021-Q2,17.784211674
ESP,2021-Q3,3.471848443
ESP,2021-Q4,5.536334708
SWE,2008-Q1,1.645213164
SWE,2008-Q2,1.060487111
SWE,2008-Q3,-0.218373508
SWE,2008-Q4,-4.829894093
SWE,2009-Q1,-5.496081029
SWE,2009-Q2,-5.3820976
SWE,2009-Q3,-4.953113132
SWE,2009-Q4,-1.011260836
SWE,2010-Q1,3.159500882
SWE,2010-Q2,5.20948002
SWE,2010-Q3,6.545400299
SWE,2010-Q4,7.772004239
SWE,2011-Q1,5.343373092
SWE,2011-Q2,3.555252081
SWE,2011-Q3,3.647338208
SWE,2011-Q4,0.573046163
SWE,2012-Q1,0.388506692
SWE,2012-Q2,0.217895901
SWE,2012-Q3,-1.206826226
SWE,2012-Q4,-0.509111159
SWE,2013-Q1,0.692929244
SWE,2013-Q2,0.436795063
SWE,2013-Q3,1.026319925
SWE,2013-Q4,2.462908834
SWE,2014-Q1,1.893831159
SWE,2014-Q2,2.84324164
SWE,2014-Q3,3.105510909
SWE,2014-Q4,3.17093944
SWE,2015-Q1,3.772830428
SWE,2015-Q2,3.94783718
SWE,2015-Q3,4.63733995
SWE,2015-Q4,4.597407541
SWE,2016-Q1,3.087769693
SWE,2016-Q2,2.119699821
SWE,2016-Q3,1.041746432
SWE,2016-Q4,1.169226987
SWE,2017-Q1,1.710225999
SWE,2017-Q2,2.987757835
SWE,2017-Q3,3.635771424
SWE,2017-Q4,2.898597061
SWE,2018-Q1,2.820903418
SWE,2018-Q2,2.565546203
SWE,2018-Q3,0.810696432
SWE,2018-Q4,1.935135068
SWE,2019-Q1,2.09248656
SWE,2019-Q2,1.639994396
SWE,2019-Q3,2.637709813
SWE,2019-Q4,1.694323703
SWE,2020-Q1,0.979748777
SWE,2020-Q2,-7.718758286
SWE,2020-Q3,-1.085155334
SWE,2020-Q4,-1.496892464
SWE,2021-Q1,0.228283603
SWE,2021-Q2,9.847597483
SWE,2021-Q3,4.341494078
SWE,2021-Q4,5.632769935
CHE,2008-Q1,4.375602842
CHE,2008-Q2,3.814127582
CHE,2008-Q3,3.242671991
CHE,2008-Q4,-0.730203904
CHE,2009-Q1,-3.110929925
CHE,2009-Q2,-3.38860788
CHE,2009-Q3,-2.648861679
CHE,2009-Q4,1.010801332
CHE,2010-Q1,3.341087581
CHE,2010-Q2,3.566163773
CHE,2010-Q3,2.996110537
CHE,2010-Q4,2.917642901
CHE,2011-Q1,2.850559186
CHE,2011-Q2,2.485021687
CHE,2011-Q3,1.502454982
CHE,2011-Q4,0.846863489
CHE,2012-Q1,1.241696909
CHE,2012-Q2,0.710435357
CHE,2012-Q3,1.798926989
CHE,2012-Q4,1.591942756
CHE,2013-Q1,0.983079969
CHE,2013-Q2,1.947284131
CHE,2013-Q3,2.019395775
CHE,2013-Q4,2.453463271
CHE,2014-Q1,2.653480985
CHE,2014-Q2,2.430302898
CHE,2014-Q3,2.206515929
CHE,2014-Q4,2.405981913
CHE,2015-Q1,1.595092302
CHE,2015-Q2,1.636317362
CHE,2015-Q3,1.719628015
CHE,2015-Q4,1.598864619
CHE,2016-Q1,2.199255373
CHE,2016-Q2,2.000243546
CHE,2016-Q3,1.908041789
CHE,2016-Q4,1.842998863
CHE,2017-Q1,1.584423339
CHE,2017-Q2,1.36511839
CHE,2017-Q3,1.45060078
CHE,2017-Q4,2.207241774
CHE,2018-Q1,3.126286297
CHE,2018-Q2,3.764519731
CHE,2018-Q3,2.880844044
CHE,2018-Q4,2.004461297
CHE,2019-Q1,1.188197888
CHE,2019-Q2,0.674194237
CHE,2019-Q3,1.425650407
CHE,2019-Q4,1.681028585
CHE,2020-Q1,-0.18892767
CHE,2020-Q2,-6.698732791
CHE,2020-Q3,-1.332212697
CHE,2020-Q4,-1.771896579
CHE,2021-Q1,-0.424986282
CHE,2021-Q2,8.179251652
CHE,2021-Q3,3.675325965
CHE,2021-Q4,3.798468487
TUR,2008-Q1,6.263136295
TUR,2008-Q2,2.460997175
TUR,2008-Q3,0.012943583
TUR,2008-Q4,-5.762221898
TUR,2009-Q1,-12.933908436
TUR,2009-Q2,-6.113517389
TUR,2009-Q3,-2.085237668
TUR,2009-Q4,2.428114659
TUR,2010-Q1,8.25769382
TUR,2010-Q2,8.042974126
TUR,2010-Q3,8.438593135
TUR,2010-Q4,9.577551982
TUR,2011-Q1,12.378786378
TUR,2011-Q2,11.238746556
TUR,2011-Q3,11.117671024
TUR,2011-Q4,9.320906415
TUR,2012-Q1,5.960009344
TUR,2012-Q2,4.907950841
TUR,2012-Q3,3.994314266
TUR,2012-Q4,4.24628335
TUR,2013-Q1,8.263883862
TUR,2013-Q2,9.54976744
TUR,2013-Q3,9.228090256
TUR,2013-Q4,7.713279186
TUR,2014-Q1,7.683130316
TUR,2014-Q2,2.914726553
TUR,2014-Q3,3.921101733
TUR,2014-Q4,5.117751062
TUR,2015-Q1,4.08566093
TUR,2015-Q2,7.414384034
TUR,2015-Q3,6.306599319
TUR,2015-Q4,6.117065331
TUR,2016-Q1,4.524423533
TUR,2016-Q2,4.428795264
TUR,2016-Q3,0.03215391
TUR,2016-Q4,4.326189325
TUR,2017-Q1,5.373309812
TUR,2017-Q2,6.255758034
TUR,2017-Q3,11.051091386
TUR,2017-Q4,7.233754818
TUR,2018-Q1,7.339411257
TUR,2018-Q2,5.636345808
TUR,2018-Q3,2.364885926
TUR,2018-Q4,-2.725967819
TUR,2019-Q1,-2.311554833
TUR,2019-Q2,-0.639931668
TUR,2019-Q3,1.05548801
TUR,2019-Q4,5.803424559
TUR,2020-Q1,4.292928455
TUR,2020-Q2,-9.102578515
TUR,2020-Q3,5.751517577
TUR,2020-Q4,5.582396764
TUR,2021-Q1,7.430158896
TUR,2021-Q2,22.429092907
TUR,2021-Q3,8.096800725
TUR,2021-Q4,8.426259076
GBR,2008-Q1,2.151563217
GBR,2008-Q2,1.221949385
GBR,2008-Q3,-0.962349917
GBR,2008-Q4,-3.320767748
GBR,2009-Q1,-5.632456088
GBR,2009-Q2,-5.502992341
GBR,2009-Q3,-4.012850455
GBR,2009-Q4,-1.74462856
GBR,2010-Q1,0.757554435
GBR,2010-Q2,2.220528157
GBR,2010-Q3,2.872013926
GBR,2010-Q4,2.677474078
GBR,2011-Q1,2.436718381
GBR,2011-Q2,1.391040146
GBR,2011-Q3,1.006848766
GBR,2011-Q4,1.013432351
GBR,2012-Q1,1.229862393
GBR,2012-Q2,1.06810114
GBR,2012-Q3,1.980047042
GBR,2012-Q4,1.599090407
GBR,2013-Q1,1.378622952
GBR,2013-Q2,2.104918318
GBR,2013-Q3,1.64357186
GBR,2013-Q4,2.43100616
GBR,2014-Q1,2.913931109
GBR,2014-Q2,3.066294921
GBR,2014-Q3,2.974231655
GBR,2014-Q4,3.009588264
GBR,2015-Q1,2.715634012
GBR,2015-Q2,2.646630585
GBR,2015-Q3,2.503972696
GBR,2015-Q4,2.62565875
GBR,2016-Q1,2.418570476
GBR,2016-Q2,2.25477174
GBR,2016-Q3,2.161200344
GBR,2016-Q4,2.221510058
GBR,2017-Q1,2.433388147
GBR,2017-Q2,2.161879072
GBR,2017-Q3,2.144633837
GBR,2017-Q4,1.803513159
GBR,2018-Q1,1.385648092
GBR,2018-Q2,1.624075789
GBR,2018-Q3,1.829927604
GBR,2018-Q4,1.761540578
GBR,2019-Q1,2.172956661
GBR,2019-Q2,1.752346376
GBR,2019-Q3,1.577667941
GBR,2019-Q4,1.192769962
GBR,2020-Q1,-1.992409698
GBR,2020-Q2,-21.138315396
GBR,2020-Q3,-7.685695183
GBR,2020-Q4,-6.275249554
GBR,2021-Q1,-4.973358628
GBR,2021-Q2,24.492977962
GBR,2021-Q3,6.857504167
GBR,2021-Q4,6.639327703
USA,2008-Q1,1.446803001
USA,2008-Q2,1.380132559
USA,2008-Q3,0.242202378
USA,2008-Q4,-2.54033926
USA,2009-Q1,-3.282392444
USA,2009-Q2,-3.995504779
USA,2009-Q3,-3.137675003
USA,2009-Q4,0.081657584
USA,2010-Q1,1.768457232
USA,2010-Q2,2.927467845
USA,2010-Q3,3.349193814
USA,2010-Q4,2.788449691
USA,2011-Q1,2.030608191
USA,2011-Q2,1.737905069
USA,2011-Q3,0.918220848
USA,2011-Q4,1.522691524
USA,2012-Q1,2.600249298
USA,2012-Q2,2.37381635
USA,2012-Q3,2.592622977
USA,2012-Q4,1.566064346
USA,2013-Q1,1.616301095
USA,2013-Q2,1.29617049
USA,2013-Q3,1.91984462
USA,2013-Q4,2.532049778
USA,2014-Q1,1.294055859
USA,2014-Q2,2.451999168
USA,2014-Q3,2.831456926
USA,2014-Q4,2.563759666
USA,2015-Q1,3.761202773
USA,2015-Q2,3.039854675
USA,2015-Q3,2.182668511
USA,2015-Q4,1.874684059
USA,2016-Q1,1.648190603
USA,2016-Q2,1.36762965
USA,2016-Q3,1.648263356
USA,2016-Q4,2.004177046
USA,2017-Q1,1.88527887
USA,2017-Q2,2.146716583
USA,2017-Q3,2.266564638
USA,2017-Q4,2.717885582
USA,2018-Q1,3.015311883
USA,2018-Q2,3.296152283
USA,2018-Q3,3.052885912
USA,2018-Q4,2.320617095
USA,2019-Q1,2.153001514
USA,2019-Q2,2.111478836
USA,2019-Q3,2.318325998
USA,2019-Q4,2.569423535
USA,2020-Q1,0.630785164
USA,2020-Q2,-9.083737424
USA,2020-Q3,-2.887505989
USA,2020-Q4,-2.262915243
USA,2021-Q1,0.546976803
USA,2021-Q2,12.226677108
USA,2021-Q3,4.946555569
USA,2021-Q4,5.533484038
ARG,2008-Q1,7.678435763
ARG,2008-Q2,6.031637771
ARG,2008-Q3,5.435502475
ARG,2008-Q4,-2.56171394
ARG,2009-Q1,-6.966501367
ARG,2009-Q2,-9.519215435
ARG,2009-Q3,-6.711869258
ARG,2009-Q4,-0.250829356
ARG,2010-Q1,6.686803872
ARG,2010-Q2,13.971432988
ARG,2010-Q3,10.25540071
ARG,2010-Q4,9.684600874
ARG,2011-Q1,9.022767936
ARG,2011-Q2,5.291968801
ARG,2011-Q3,5.606726221
ARG,2011-Q4,4.259553269
ARG,2012-Q1,0.732958456
ARG,2012-Q2,-3.646865113
ARG,2012-Q3,-1.391807518
ARG,2012-Q4,0.208687869
ARG,2013-Q1,1.28354624
ARG,2013-Q2,5.455731055
ARG,2013-Q3,2.868934093
ARG,2013-Q4,0.149128304
ARG,2014-Q1,-1.332646905
ARG,2014-Q2,-2.437128754
ARG,2014-Q3,-3.859252782
ARG,2014-Q4,-2.406161351
ARG,2015-Q1,0.547145065
ARG,2015-Q2,3.52373989
ARG,2015-Q3,4.281990028
ARG,2015-Q4,2.59715538
ARG,2016-Q1,0.205610807
ARG,2016-Q2,-3.629727784
ARG,2016-Q3,-3.280521352
ARG,2016-Q4,-1.558971264
ARG,2017-Q1,0.246523239
ARG,2017-Q2,2.948799021
ARG,2017-Q3,3.827760822
ARG,2017-Q4,4.276272141
ARG,2018-Q1,3.016802734
ARG,2018-Q2,-2.738204866
ARG,2018-Q3,-4.128024014
ARG,2018-Q4,-6.458598257
ARG,2019-Q1,-6.042871752
ARG,2019-Q2,-0.828038499
ARG,2019-Q3,-0.343746594
ARG,2019-Q4,-0.668267511
ARG,2020-Q1,-4.89093835
ARG,2020-Q2,-19.666189844
ARG,2020-Q3,-10.269810145
ARG,2020-Q4,-4.634977426
ARG,2021-Q1,2.630031812
ARG,2021-Q2,19.940936159
ARG,2021-Q3,11.540291017
ARG,2021-Q4,8.438045629
BRA,2008-Q1,5.367294116
BRA,2008-Q2,6.161941667
BRA,2008-Q3,6.645467665
BRA,2008-Q4,1.028180615
BRA,2009-Q1,-1.505857095
BRA,2009-Q2,-1.980365646
BRA,2009-Q3,-1.139223438
BRA,2009-Q4,5.354997068
BRA,2010-Q1,9.272547173
BRA,2010-Q2,8.367042782
BRA,2010-Q3,6.971387477
BRA,2010-Q4,5.751605457
BRA,2011-Q1,4.884298798
BRA,2011-Q2,4.884727737
BRA,2011-Q3,3.600611328
BRA,2011-Q4,3.024986539
BRA,2012-Q1,0.283412578
BRA,2012-Q2,1.016250929
BRA,2012-Q3,2.969637117
BRA,2012-Q4,2.159028152
BRA,2013-Q1,3.932478324
BRA,2013-Q2,3.898600827
BRA,2013-Q3,2.483899358
BRA,2013-Q4,2.58881373
BRA,2014-Q1,3.043836701
BRA,2014-Q2,-0.190156595
BRA,2014-Q3,-0.54488021
BRA,2014-Q4,-0.163056093
BRA,2015-Q1,-1.705488856
BRA,2015-Q2,-2.797278981
BRA,2015-Q3,-4.21337759
BRA,2015-Q4,-5.446778529
BRA,2016-Q1,-6.32218655
BRA,2016-Q2,-3.289147381
BRA,2016-Q3,-2.430235088
BRA,2016-Q4,-1.863953944
BRA,2017-Q1,0.85980181
BRA,2017-Q2,1.04766177
BRA,2017-Q3,1.971405264
BRA,2017-Q4,2.614454052
BRA,2018-Q1,2.017177859
BRA,2018-Q2,1.431690905
BRA,2018-Q3,2.039517644
BRA,2018-Q4,1.271590086
BRA,2019-Q1,1.105013925
BRA,2019-Q2,1.600897457
BRA,2019-Q3,0.746633004
BRA,2019-Q4,1.423356557
BRA,2020-Q1,-1.421086703
BRA,2020-Q2,-10.652333519
BRA,2020-Q3,-3.655930359
BRA,2020-Q4,-0.988521541
BRA,2021-Q1,2.592373449
BRA,2021-Q2,12.210517969
BRA,2021-Q3,4.068639414
BRA,2021-Q4,1.599252423
CHL,2008-Q1,5.37318059
CHL,2008-Q2,4.415611015
CHL,2008-Q3,3.28079019
CHL,2008-Q4,0.561112149
CHL,2009-Q1,-1.99326375
CHL,2009-Q2,-2.660108913
CHL,2009-Q3,-0.686240264
CHL,2009-Q4,1.349222364
CHL,2010-Q1,2.174024178
CHL,2010-Q2,6.260029721
CHL,2010-Q3,7.468611937
CHL,2010-Q4,7.425977862
CHL,2011-Q1,8.327755967
CHL,2011-Q2,6.277765559
CHL,2011-Q3,4.506258176
CHL,2011-Q4,5.523533354
CHL,2012-Q1,6.451515181
CHL,2012-Q2,6.888845719
CHL,2012-Q3,7.033017899
CHL,2012-Q4,5.376612661
CHL,2013-Q1,4.162744342
CHL,2013-Q2,3.067662724
CHL,2013-Q3,2.839163575
CHL,2013-Q4,2.677741171
CHL,2014-Q1,2.170588572
CHL,2014-Q2,2.032902465
CHL,2014-Q3,0.990864732
CHL,2014-Q4,1.728204819
CHL,2015-Q1,2.120734325
CHL,2015-Q2,2.272871332
CHL,2015-Q3,2.285546932
CHL,2015-Q4,1.897820741
CHL,2016-Q1,2.488318806
CHL,2016-Q2,0.99127559
CHL,2016-Q3,2.018727459
CHL,2016-Q4,1.113733559
CHL,2017-Q1,-0.533475081
CHL,2017-Q2,1.150475781
CHL,2017-Q3,2.422941946
CHL,2017-Q4,3.30543735
CHL,2018-Q1,5.065323861
CHL,2018-Q2,5.131864366
CHL,2018-Q3,2.778940912
CHL,2018-Q4,3.193849336
CHL,2019-Q1,1.730797768
CHL,2019-Q2,1.668725131
CHL,2019-Q3,2.306289003
CHL,2019-Q4,-2.837568419
CHL,2020-Q1,-0.591104174
CHL,2020-Q2,-14.226994144
CHL,2020-Q3,-9.865248766
CHL,2020-Q4,0.098664143
CHL,2021-Q1,1.536045812
CHL,2021-Q2,18.252847806
CHL,2021-Q3,17.214642109
CHL,2021-Q4,11.732267174
EST,2008-Q1,-2.231634601
EST,2008-Q2,-1.622400327
EST,2008-Q3,-1.772982534
EST,2008-Q4,-12.838646962
EST,2009-Q1,-13.223559503
EST,2009-Q2,-16.995007045
EST,2009-Q3,-18.666624229
EST,2009-Q4,-7.354948334
EST,2010-Q1,-3.519528481
EST,2010-Q2,1.115470002
EST,2010-Q3,4.656288565
EST,2010-Q4,6.356619602
EST,2011-Q1,7.037821333
EST,2011-Q2,7.716031061
EST,2011-Q3,7.933404404
EST,2011-Q4,5.677475232
EST,2012-Q1,4.19247132
EST,2012-Q2,3.49415799
EST,2012-Q3,2.302597156
EST,2012-Q4,3.245200186
EST,2013-Q1,3.127682175
EST,2013-Q2,1.617110917
EST,2013-Q3,0.860179795
EST,2013-Q4,-0.077656101
EST,2014-Q1,1.0782577
EST,2014-Q2,1.751805524
EST,2014-Q3,3.37277694
EST,2014-Q4,4.973341058
EST,2015-Q1,1.83531898
EST,2015-Q2,3.421855473
EST,2015-Q3,2.813994708
EST,2015-Q4,1.109257961
EST,2016-Q1,4.206456524
EST,2016-Q2,2.000615073
EST,2016-Q3,2.375348842
EST,2016-Q4,3.794324208
EST,2017-Q1,4.150613845
EST,2017-Q2,6.325982442
EST,2017-Q3,5.53104187
EST,2017-Q4,5.788772162
EST,2018-Q1,4.843948511
EST,2018-Q2,3.687958548
EST,2018-Q3,4.024761805
EST,2018-Q4,3.954152029
EST,2019-Q1,4.54629379
EST,2019-Q2,4.184224789
EST,2019-Q3,4.196398995
EST,2019-Q4,3.156881756
EST,2020-Q1,0.269641261
EST,2020-Q2,-5.924963172
EST,2020-Q3,-3.286845973
EST,2020-Q4,-1.554036058
EST,2021-Q1,3.241593678
EST,2021-Q2,12.141899257
EST,2021-Q3,9.279241116
EST,2021-Q4,8.36574666
IND,2008-Q1,8.53763
IND,2008-Q2,6.97469
IND,2008-Q3,6.00342
IND,2008-Q4,2.66643
IND,2009-Q1,0.16417
IND,2009-Q2,4.88252
IND,2009-Q3,6.63314
IND,2009-Q4,8.76762
IND,2010-Q1,13.69473
IND,2010-Q2,10.03998
IND,2010-Q3,10.47142
IND,2010-Q4,10.68164
IND,2011-Q1,9.85149
IND,2011-Q2,8.57394
IND,2011-Q3,5.4526
IND,2011-Q4,4.73925
IND,2012-Q1,4.27654
IND,2012-Q2,4.22122
IND,2012-Q3,6.09503
IND,2012-Q4,5.63357
IND,2013-Q1,5.86067
IND,2013-Q2,6.11797
IND,2013-Q3,5.9169
IND,2013-Q4,6.97856
IND,2014-Q1,6.51555
IND,2014-Q2,7.44604
IND,2014-Q3,7.68364
IND,2014-Q4,6.9807
IND,2015-Q1,7.53623
IND,2015-Q2,7.38077
IND,2015-Q3,7.4023
IND,2015-Q4,7.92964
IND,2016-Q1,9.22248
IND,2016-Q2,8.83648
IND,2016-Q3,9.31243
IND,2016-Q4,8.59625
IND,2017-Q1,6.37759
IND,2017-Q2,6.66849
IND,2017-Q3,5.9982
IND,2017-Q4,6.53708
IND,2018-Q1,7.95323
IND,2018-Q2,7.19391
IND,2018-Q3,6.89788
IND,2018-Q4,6.45084
IND,2019-Q1,5.33051
IND,2019-Q2,5.05816
IND,2019-Q3,4.67255
IND,2019-Q4,3.16319
IND,2020-Q1,2.12476
IND,2020-Q2,-23.37165
IND,2020-Q3,-5.29313
IND,2020-Q4,0.40786
IND,2021-Q1,1.70467
IND,2021-Q2,19.67751
IND,2021-Q3,9.08887
IND,2021-Q4,4.66686
IDN,2008-Q1,6.489999779
IDN,2008-Q2,6.289912044
IDN,2008-Q3,6.03268551
IDN,2008-Q4,5.268036997
IDN,2009-Q1,4.377535501
IDN,2009-Q2,4.184713243
IDN,2009-Q3,4.418183641
IDN,2009-Q4,5.809404705
IDN,2010-Q1,6.069826594
IDN,2010-Q2,6.472531235
IDN,2010-Q3,6.4123682
IDN,2010-Q4,6.546174025
IDN,2011-Q1,6.375803973
IDN,2011-Q2,6.14339868
IDN,2011-Q3,6.160300712
IDN,2011-Q4,6.008214143
IDN,2012-Q1,6.065492711
IDN,2012-Q2,6.106065177
IDN,2012-Q3,6.006377951
IDN,2012-Q4,5.945658868
IDN,2013-Q1,5.808421204
IDN,2013-Q2,5.602855181
IDN,2013-Q3,5.478579633
IDN,2013-Q4,5.349887928
IDN,2014-Q1,5.155754409
IDN,2014-Q2,5.09366633
IDN,2014-Q3,4.957701977
IDN,2014-Q4,4.826752957
IDN,2015-Q1,4.865017413
IDN,2015-Q2,4.79189894
IDN,2015-Q3,4.856752537
IDN,2015-Q4,4.989083425
IDN,2016-Q1,4.960176982
IDN,2016-Q2,5.079697663
IDN,2016-Q3,5.076209313
IDN,2016-Q4,5.015272579
IDN,2017-Q1,5.076892353
IDN,2017-Q2,5.032385164
IDN,2017-Q3,5.060341898
IDN,2017-Q4,5.1087707
IDN,2018-Q1,5.123550685
IDN,2018-Q2,5.151156891
IDN,2018-Q3,5.187300464
IDN,2018-Q4,5.232890436
IDN,2019-Q1,5.187925048
IDN,2019-Q2,5.196705303
IDN,2019-Q3,5.013895475
IDN,2019-Q4,4.689419702
IDN,2020-Q1,2.624274368
IDN,2020-Q2,-5.09617781
IDN,2020-Q3,-3.395214908
IDN,2020-Q4,-2.314009334
IDN,2021-Q1,-0.80884092
IDN,2021-Q2,7.505098097
IDN,2021-Q3,3.65276138
IDN,2021-Q4,4.67200981
ISR,2008-Q1,6.070431857
ISR,2008-Q2,4.421491775
ISR,2008-Q3,2.64689178
ISR,2008-Q4,0.4029305
ISR,2009-Q1,-0.452077805
ISR,2009-Q2,0.427370931
ISR,2009-Q3,1.354309762
ISR,2009-Q4,3.539421934
ISR,2010-Q1,4.984390288
ISR,2010-Q2,5.331412256
ISR,2010-Q3,5.496269778
ISR,2010-Q4,5.679996255
ISR,2011-Q1,5.765334255
ISR,2011-Q2,5.316295427
ISR,2011-Q3,6.311101958
ISR,2011-Q4,5.499512596
ISR,2012-Q1,4.497602772
ISR,2012-Q2,3.394900589
ISR,2012-Q3,2.134708637
ISR,2012-Q4,1.988897317
ISR,2013-Q1,2.930666649
ISR,2013-Q2,5.09200473
ISR,2013-Q3,5.300797614
ISR,2013-Q4,5.401843353
ISR,2014-Q1,5.088942666
ISR,2014-Q2,3.979461804
ISR,2014-Q3,3.756028861
ISR,2014-Q4,4.548456104
ISR,2015-Q1,3.454156328
ISR,2015-Q2,2.570040706
ISR,2015-Q3,1.73244618
ISR,2015-Q4,1.039977889
ISR,2016-Q1,1.948492468
ISR,2016-Q2,4.250607373
ISR,2016-Q3,5.438529654
ISR,2016-Q4,5.711113612
ISR,2017-Q1,4.886258793
ISR,2017-Q2,3.977461693
ISR,2017-Q3,4.24689507
ISR,2017-Q4,4.589956344
ISR,2018-Q1,5.643300961
ISR,2018-Q2,4.444061176
ISR,2018-Q3,3.762596357
ISR,2018-Q4,3.053370858
ISR,2019-Q1,3.317317153
ISR,2019-Q2,3.402018529
ISR,2019-Q3,3.616733048
ISR,2019-Q4,4.000849258
ISR,2020-Q1,1.587937629
ISR,2020-Q2,-8.150204595
ISR,2020-Q3,-1.503695991
ISR,2020-Q4,-0.470851229
ISR,2021-Q1,0.252512877
ISR,2021-Q2,14.801417168
ISR,2021-Q3,7.617108136
ISR,2021-Q4,9.236437787
RUS,2008-Q1,11.000110756
RUS,2008-Q2,8.940648
RUS,2008-Q3,5.001309203
RUS,2008-Q4,-1.557639212
RUS,2009-Q1,-7.484284221
RUS,2009-Q2,-9.397149205
RUS,2009-Q3,-7.64863958
RUS,2009-Q4,-3.511662307
RUS,2010-Q1,2.154681118
RUS,2010-Q2,4.651978456
RUS,2010-Q3,4.769842874
RUS,2010-Q4,4.951509523
RUS,2011-Q1,3.941124146
RUS,2011-Q2,3.938644678
RUS,2011-Q3,4.587798706
RUS,2011-Q4,4.536879263
RUS,2012-Q1,4.965895927
RUS,2012-Q2,4.382963645
RUS,2012-Q3,3.727480724
RUS,2012-Q4,2.558792794
RUS,2013-Q1,1.72108563
RUS,2013-Q2,1.673903609
RUS,2013-Q3,1.192806365
RUS,2013-Q4,1.708512002
RUS,2014-Q1,0.953200272
RUS,2014-Q2,1.095166405
RUS,2014-Q3,0.732738043
RUS,2014-Q4,-0.081162164
RUS,2015-Q1,-1.090179575
RUS,2015-Q2,-2.223591134
RUS,2015-Q3,-1.72172671
RUS,2015-Q4,-1.743892844
RUS,2016-Q1,-0.545475916
RUS,2016-Q2,0.179086243
RUS,2016-Q3,0.086290207
RUS,2016-Q4,1.172923142
RUS,2017-Q1,1.184664665
RUS,2017-Q2,1.828467195
RUS,2017-Q3,2.41722483
RUS,2017-Q4,1.600415896
RUS,2018-Q1,2.770876817
RUS,2018-Q2,2.635629215
RUS,2018-Q3,2.189001208
RUS,2018-Q4,2.84590986
RUS,2019-Q1,1.431307172
RUS,2019-Q2,3.149877706
RUS,2019-Q3,1.894762912
RUS,2019-Q4,0.764657988
RUS,2020-Q1,0.605141744
RUS,2020-Q2,-6.032287087
RUS,2020-Q3,-2.467576233
RUS,2020-Q4,-1.299478987
RUS,2021-Q1,-0.432061294
RUS,2021-Q2,7.569583717
RUS,2021-Q3,3.830445643
SVN,2008-Q1,5.142985423
SVN,2008-Q2,5.620524343
SVN,2008-Q3,2.926146078
SVN,2008-Q4,-1.126190481
SVN,2009-Q1,-6.92101374
SVN,2009-Q2,-9.491073359
SVN,2009-Q3,-8.735522386
SVN,2009-Q4,-5.302086393
SVN,2010-Q1,-1.11102289
SVN,2010-Q2,1.778603531
SVN,2010-Q3,1.788316143
SVN,2010-Q4,2.465277944
SVN,2011-Q1,3.258590395
SVN,2011-Q2,0.922438722
SVN,2011-Q3,0.460746336
SVN,2011-Q4,-0.047470109
SVN,2012-Q1,-1.301409406
SVN,2012-Q2,-2.550069903
SVN,2012-Q3,-2.161620803
SVN,2012-Q4,-4.146801827
SVN,2013-Q1,-3.357335306
SVN,2013-Q2,-1.308030396
SVN,2013-Q3,-1.495414525
SVN,2013-Q4,2.455153486
SVN,2014-Q1,2.346118854
SVN,2014-Q2,2.907579796
SVN,2014-Q3,3.512796608
SVN,2014-Q4,1.683544053
SVN,2015-Q1,2.091807246
SVN,2015-Q2,1.909432593
SVN,2015-Q3,1.943333465
SVN,2015-Q4,1.966498348
SVN,2016-Q1,2.515585745
SVN,2016-Q2,3.139788676
SVN,2016-Q3,3.382932207
SVN,2016-Q4,4.040378877
SVN,2017-Q1,4.828319598
SVN,2017-Q2,4.754451376
SVN,2017-Q3,4.668443486
SVN,2017-Q4,6.217522912
SVN,2018-Q1,4.579629351
SVN,2018-Q2,4.600708258
SVN,2018-Q3,4.961658012
SVN,2018-Q4,4.002025126
SVN,2019-Q1,4.377167097
SVN,2019-Q2,2.784818044
SVN,2019-Q3,2.882241668
SVN,2019-Q4,2.912943343
SVN,2020-Q1,-2.327754142
SVN,2020-Q2,-11.294522598
SVN,2020-Q3,-2.039022142
SVN,2020-Q4,-3.596104477
SVN,2021-Q1,2.600630833
SVN,2021-Q2,15.530510907
SVN,2021-Q3,4.671890321
SVN,2021-Q4,10.457623826
ZAF,2008-Q1,3.881015637
ZAF,2008-Q2,4.294531432
ZAF,2008-Q3,3.332733184
ZAF,2008-Q4,1.308885463
ZAF,2009-Q1,-0.684149216
ZAF,2009-Q2,-2.218810477
ZAF,2009-Q3,-2.225664366
ZAF,2009-Q4,-1.010038329
ZAF,2010-Q1,1.727313894
ZAF,2010-Q2,2.934508105
ZAF,2010-Q3,3.610598323
ZAF,2010-Q4,3.88212211
ZAF,2011-Q1,3.69531593
ZAF,2011-Q2,3.40765285
ZAF,2011-Q3,2.919288694
ZAF,2011-Q4,2.667733267
ZAF,2012-Q1,2.242809473
ZAF,2012-Q2,2.522475367
ZAF,2012-Q3,2.515111215
ZAF,2012-Q4,2.30420068
ZAF,2013-Q1,2.516995892
ZAF,2013-Q2,2.407849915
ZAF,2013-Q3,2.477104493
ZAF,2013-Q4,2.5397362
ZAF,2014-Q1,1.609781045
ZAF,2014-Q2,1.274154405
ZAF,2014-Q3,1.280322755
ZAF,2014-Q4,1.492299283
ZAF,2015-Q1,2.366630487
ZAF,2015-Q2,1.103366057
ZAF,2015-Q3,1.07302391
ZAF,2015-Q4,0.756699682
ZAF,2016-Q1,0.27304739
ZAF,2016-Q2,1.224121386
ZAF,2016-Q3,0.757951125
ZAF,2016-Q4,0.408272378
ZAF,2017-Q1,0.64192753
ZAF,2017-Q2,1.093464986
ZAF,2017-Q3,1.291712289
ZAF,2017-Q4,1.603878997
ZAF,2018-Q1,1.540331782
ZAF,2018-Q2,0.821242457
ZAF,2018-Q3,1.992085082
ZAF,2018-Q4,1.808436686
ZAF,2019-Q1,0.511137634
ZAF,2019-Q2,1.205668312
ZAF,2019-Q3,-0.099584048
ZAF,2019-Q4,-0.393960609
ZAF,2020-Q1,0.538444852
ZAF,2020-Q2,-17.026338633
ZAF,2020-Q3,-5.721402605
ZAF,2020-Q4,-3.191383868
ZAF,2021-Q1,-2.358307646
ZAF,2021-Q2,19.329407893
ZAF,2021-Q3,3.086999515
ZAF,2021-Q4,1.851920697
LVA,2008-Q1,4.804052345
LVA,2008-Q2,-0.997982287
LVA,2008-Q3,-6.759710882
LVA,2008-Q4,-7.944385376
LVA,2009-Q1,-13.061165841
LVA,2009-Q2,-14.897554368
LVA,2009-Q3,-15.785891556
LVA,2009-Q4,-13.440179534
LVA,2010-Q1,-10.734774304
LVA,2010-Q2,-6.041191529
LVA,2010-Q3,-1.383965951
LVA,2010-Q4,-0.749906376
LVA,2011-Q1,-1.569615118
LVA,2011-Q2,2.630387567
LVA,2011-Q3,4.573902239
LVA,2011-Q4,3.809552947
LVA,2012-Q1,10.591413586
LVA,2012-Q2,6.291332739
LVA,2012-Q3,6.05133144
LVA,2012-Q4,6.434943076
LVA,2013-Q1,1.580712795
LVA,2013-Q2,2.101129098
LVA,2013-Q3,2.155566486
LVA,2013-Q4,2.517032439
LVA,2014-Q1,2.143863829
LVA,2014-Q2,2.745191091
LVA,2014-Q3,1.807946483
LVA,2014-Q4,1.470082369
LVA,2015-Q1,3.042606352
LVA,2015-Q2,3.987401993
LVA,2015-Q3,4.296064518
LVA,2015-Q4,3.575696334
LVA,2016-Q1,3.991204662
LVA,2016-Q2,1.463137452
LVA,2016-Q3,0.905394332
LVA,2016-Q4,2.26570699
LVA,2017-Q1,2.0081334
LVA,2017-Q2,3.803245412
LVA,2017-Q3,3.919390923
LVA,2017-Q4,3.40210026
LVA,2018-Q1,3.362650543
LVA,2018-Q2,3.844151835
LVA,2018-Q3,4.624575129
LVA,2018-Q4,4.908201546
LVA,2019-Q1,4.562684421
LVA,2019-Q2,3.012370212
LVA,2019-Q3,1.370829957
LVA,2019-Q4,0.832914572
LVA,2020-Q1,-1.645697983
LVA,2020-Q2,-8.676329127
LVA,2020-Q3,-3.042164202
LVA,2020-Q4,-1.687498989
LVA,2021-Q1,-0.402199114
LVA,2021-Q2,10.129486749
LVA,2021-Q3,4.819800742
LVA,2021-Q4,2.721539359
COL,2008-Q1,5.428384525
COL,2008-Q2,4.220852149
COL,2008-Q3,3.273055384
COL,2008-Q4,0.343572334
COL,2009-Q1,-0.082702426
COL,2009-Q2,0.896871277
COL,2009-Q3,0.628701179
COL,2009-Q4,3.12617342
COL,2010-Q1,3.925804178
COL,2010-Q2,4.264609065
COL,2010-Q3,4.224504306
COL,2010-Q4,5.539974912
COL,2011-Q1,6.528055188
COL,2011-Q2,6.799903061
COL,2011-Q3,7.977002894
COL,2011-Q4,6.486368449
COL,2012-Q1,5.868143142
COL,2012-Q2,4.831839416
COL,2012-Q3,2.412794199
COL,2012-Q4,2.636436175
COL,2013-Q1,2.997261508
COL,2013-Q2,5.123986034
COL,2013-Q3,6.10310004
COL,2013-Q4,6.292871885
COL,2014-Q1,6.108812634
COL,2014-Q2,3.856147362
COL,2014-Q3,4.086042985
COL,2014-Q4,3.999239237
COL,2015-Q1,3.211524142
COL,2015-Q2,3.346304619
COL,2015-Q3,3.581204712
COL,2015-Q4,1.70591544
COL,2016-Q1,2.619322353
COL,2016-Q2,1.925610093
COL,2016-Q3,1.345975138
COL,2016-Q4,2.468364276
COL,2017-Q1,0.784186195
COL,2017-Q2,1.650324056
COL,2017-Q3,1.629109709
COL,2017-Q4,1.37259641
COL,2018-Q1,2.073998836
COL,2018-Q2,2.400396518
COL,2018-Q3,2.918046144
COL,2018-Q4,2.857283826
COL,2019-Q1,3.13611725
COL,2019-Q2,3.378192047
COL,2019-Q3,3.260055372
COL,2019-Q4,2.974125277
COL,2020-Q1,0.712815912
COL,2020-Q2,-16.528836861
COL,2020-Q3,-8.674749094
COL,2020-Q4,-3.606480926
COL,2021-Q1,1.150029308
COL,2021-Q2,18.215757864
COL,2021-Q3,13.948905811
COL,2021-Q4,10.839385464
LTU,2008-Q1,6.585479065
LTU,2008-Q2,4.632293064
LTU,2008-Q3,0.632081125
LTU,2008-Q4,-1.856479311
LTU,2009-Q1,-14.054785481
LTU,2009-Q2,-15.751751485
LTU,2009-Q3,-14.33738537
LTU,2009-Q4,-14.592243168
LTU,2010-Q1,-1.235070768
LTU,2010-Q2,1.343872467
LTU,2010-Q3,1.37361927
LTU,2010-Q4,4.915146302
LTU,2011-Q1,6.104491322
LTU,2011-Q2,6.275262589
LTU,2011-Q3,6.720973164
LTU,2011-Q4,5.383491755
LTU,2012-Q1,3.960376346
LTU,2012-Q2,3.158224434
LTU,2012-Q3,4.383377986
LTU,2012-Q4,3.714949749
LTU,2013-Q1,3.78270121
LTU,2013-Q2,4.236259346
LTU,2013-Q3,2.877383702
LTU,2013-Q4,3.711943344
LTU,2014-Q1,4.233511841
LTU,2014-Q2,3.772739048
LTU,2014-Q3,3.399634554
LTU,2014-Q4,2.512984298
LTU,2015-Q1,1.771697931
LTU,2015-Q2,1.917660442
LTU,2015-Q3,2.204382507
LTU,2015-Q4,2.141803696
LTU,2016-Q1,2.332386607
LTU,2016-Q2,2.210069508
LTU,2016-Q3,2.553197563
LTU,2016-Q4,3.474943229
LTU,2017-Q1,4.075794324
LTU,2017-Q2,4.280380578
LTU,2017-Q3,4.328639126
LTU,2017-Q4,3.99180947
LTU,2018-Q1,3.69013551
LTU,2018-Q2,4.053795252
LTU,2018-Q3,3.879282779
LTU,2018-Q4,4.277006181
LTU,2019-Q1,4.843621918
LTU,2019-Q2,4.817235092
LTU,2019-Q3,4.330364917
LTU,2019-Q4,4.336178399
LTU,2020-Q1,3.645789768
LTU,2020-Q2,-3.570306866
LTU,2020-Q3,-0.224201793
LTU,2020-Q4,0.037879394
LTU,2021-Q1,1.006985271
LTU,2021-Q2,8.588348851
LTU,2021-Q3,5.284040935
LTU,2021-Q4,4.971365486
BGR,2008-Q1,7.152360148
BGR,2008-Q2,6.353967719
BGR,2008-Q3,6.202699595
BGR,2008-Q4,4.464984468
BGR,2009-Q1,-1.628901117
BGR,2009-Q2,-2.723865964
BGR,2009-Q3,-2.978527153
BGR,2009-Q4,-6.281237016
BGR,2010-Q1,-0.749418992
BGR,2010-Q2,0.833135096
BGR,2010-Q3,0.732494948
BGR,2010-Q4,4.864176676
BGR,2011-Q1,3.485476789
BGR,2011-Q2,2.815458445
BGR,2011-Q3,2.141116358
BGR,2011-Q4,1.023940589
BGR,2012-Q1,1.653911667
BGR,2012-Q2,0.407631619
BGR,2012-Q3,0.078673928
BGR,2012-Q4,-0.129922031
BGR,2013-Q1,-1.07565031
BGR,2013-Q2,-1.011627112
BGR,2013-Q3,-0.37371675
BGR,2013-Q4,0.085834332
BGR,2014-Q1,0.322939447
BGR,2014-Q2,1.160649356
BGR,2014-Q3,1.147620778
BGR,2014-Q4,1.9044714
BGR,2015-Q1,2.983189354
BGR,2015-Q2,3.061616256
BGR,2015-Q3,3.780583292
BGR,2015-Q4,3.512579082
BGR,2016-Q1,3.276198245
BGR,2016-Q2,3.31786801
BGR,2016-Q3,2.69518726
BGR,2016-Q4,3.010632825
BGR,2017-Q1,2.819037214
BGR,2017-Q2,2.751627698
BGR,2017-Q3,2.95423947
BGR,2017-Q4,2.617931264
BGR,2018-Q1,2.473661396
BGR,2018-Q2,2.652859976
BGR,2018-Q3,2.996356226
BGR,2018-Q4,3.250824019
BGR,2019-Q1,4.465730305
BGR,2019-Q2,4.319489453
BGR,2019-Q3,3.024589155
BGR,2019-Q4,2.774897788
BGR,2020-Q1,0.4970071
BGR,2020-Q2,-7.961094731
BGR,2020-Q3,-4.510734941
BGR,2020-Q4,-3.831569927
BGR,2021-Q1,-1.46058123
BGR,2021-Q2,7.771709164
BGR,2021-Q3,5.10160562
BGR,2021-Q4,5.024212613
ROU,2008-Q1,11.463280995
ROU,2008-Q2,10.951749377
ROU,2008-Q3,10.115187616
ROU,2008-Q4,4.766609429
ROU,2009-Q1,-3.98261714
ROU,2009-Q2,-6.223748843
ROU,2009-Q3,-6.242634911
ROU,2009-Q4,-4.665736693
ROU,2010-Q1,-3.434207014
ROU,2010-Q2,-3.028347662
ROU,2010-Q3,-4.57244093
ROU,2010-Q4,-3.394822753
ROU,2011-Q1,0.655714244
ROU,2011-Q2,0.673903683
ROU,2011-Q3,4.004249137
ROU,2011-Q4,1.723038069
ROU,2012-Q1,1.70098912
ROU,2012-Q2,2.52561253
ROU,2012-Q3,0.846699907
ROU,2012-Q4,2.543512098
ROU,2013-Q1,2.256212448
ROU,2013-Q2,3.911412527
ROU,2013-Q3,3.634757367
ROU,2013-Q4,5.104168953
ROU,2014-Q1,4.699346243
ROU,2014-Q2,2.413247772
ROU,2014-Q3,4.032150033
ROU,2014-Q4,3.454161345
ROU,2015-Q1,3.497489286
ROU,2015-Q2,2.462397363
ROU,2015-Q3,2.930899258
ROU,2015-Q4,3.008872019
ROU,2016-Q1,4.163261561
ROU,2016-Q2,5.89617925
ROU,2016-Q3,4.135687864
ROU,2016-Q4,4.670437363
ROU,2017-Q1,6.119308484
ROU,2017-Q2,6.643476262
ROU,2017-Q3,9.123721895
ROU,2017-Q4,6.98223744
ROU,2018-Q1,4.191818703
ROU,2018-Q2,5.518728106
ROU,2018-Q3,4.227360752
ROU,2018-Q4,4.085056799
ROU,2019-Q1,5.12712624
ROU,2019-Q2,4.445968591
ROU,2019-Q3,3.046968395
ROU,2019-Q4,4.44916374
ROU,2020-Q1,2.553991678
ROU,2020-Q2,-9.837718512
ROU,2020-Q3,-5.435960035
ROU,2020-Q4,-1.49524585
ROU,2021-Q1,-0.055424052
ROU,2021-Q2,15.417415649
ROU,2021-Q3,6.90305861
ROU,2021-Q4,2.35828681
CRI,2008-Q1,7.964039204
CRI,2008-Q2,5.108609936
CRI,2008-Q3,4.518825211
CRI,2008-Q4,1.483163279
CRI,2009-Q1,-3.063418783
CRI,2009-Q2,-1.522192065
CRI,2009-Q3,-0.839018856
CRI,2009-Q4,1.830100356
CRI,2010-Q1,5.643252601
CRI,2010-Q2,5.34163297
CRI,2010-Q3,5.742440606
CRI,2010-Q4,4.764501918
CRI,2011-Q1,4.045384761
CRI,2011-Q2,5.183937144
CRI,2011-Q3,3.838929745
CRI,2011-Q4,4.564056714
CRI,2012-Q1,6.187562495
CRI,2012-Q2,4.24828485
CRI,2012-Q3,4.554352943
CRI,2012-Q4,4.488193947
CRI,2013-Q1,2.614125849
CRI,2013-Q2,1.827664005
CRI,2013-Q3,3.134644574
CRI,2013-Q4,2.455308165
CRI,2014-Q1,3.46965212
CRI,2014-Q2,4.106175731
CRI,2014-Q3,3.055965923
CRI,2014-Q4,3.514302652
CRI,2015-Q1,2.408741918
CRI,2015-Q2,4.326410544
CRI,2015-Q3,4.771584182
CRI,2015-Q4,3.160038468
CRI,2016-Q1,5.51403022
CRI,2016-Q2,2.889114502
CRI,2016-Q3,3.365283954
CRI,2016-Q4,5.000340944
CRI,2017-Q1,2.945273271
CRI,2017-Q2,5.564557522
CRI,2017-Q3,3.709569656
CRI,2017-Q4,4.420987604
CRI,2018-Q1,4.307602972
CRI,2018-Q2,3.11367938
CRI,2018-Q3,2.721785552
CRI,2018-Q4,0.397091749
CRI,2019-Q1,1.514963274
CRI,2019-Q2,1.733999585
CRI,2019-Q3,2.509074882
CRI,2019-Q4,3.782072831
CRI,2020-Q1,1.632013781
CRI,2020-Q2,-7.748129917
CRI,2020-Q3,-6.792677717
CRI,2020-Q4,-3.42372998
CRI,2021-Q1,-0.164337496
CRI,2021-Q2,10.262881508
CRI,2021-Q3,12.613781059
CRI,2021-Q4,9.067680797
