date,Events & Listings,Business Services,Entertainment Industry,Performing Arts,Internet & Telecom,Autos & Vehicles,Office Supplies,Programming,Vehicle Brands,Bankruptcy,Finance,Vehicle Licensing & Registration,Credit & Lending,Insurance,Health Insurance,Commercial Lending,Real Estate,Food & Drink,College Financing,Legal Services,Restaurants,Home Financing,Architecture,Auto Financing,Advertising & Marketing,Hospitals & Treatment Centers,Agriculture & Forestry,Veterinarians,Emergency Services,Forestry,Business Services,Mental Health,Aquaculture,Travel Agencies & Services,Home & Garden,Grocery & Food Retailers,Fire & Security Services,Real Estate,Tobacco Products,Government,Real Estate Agencies,Footwear,Education,Shopping,Office Supplies,Medical Facilities & Services,Travel,Printing & Publishing,Social Services,Hotels & Accommodations,Fuel Economy & Gas Prices,Performing Arts,Computers & Electronics,Chemicals Industry,Sports,Apparel,Pharmacy,Professional & Trade Associations,Consumer Electronics,Computer Hardware,Consumer Electronics,Luxury Goods,Industrial Materials & Equipment,Unwanted Body & Facial Hair Removal,Agricultural Equipment,Boats & Watercraft,Alcoholic Beverages,Construction & Maintenance,Retail Trade,Building Materials & Supplies,Pharmaceuticals & Biotech,Freight & Trucking,Civil Engineering,Transportation & Logistics,Maritime Transport,Construction Consulting & Contracting,Distribution & Logistics,Aviation,Home Improvement,Jobs,Import & Export,Entertainment Media,Developer Jobs,Rail Transport,Gifts & Special Event Items,Food Production,Mail & Package Delivery,Home Appliances,Home Furnishings,Events & Listings,Business Services,Entertainment Industry,Performing Arts,Internet & Telecom,Autos & Vehicles,Office Supplies,Programming,Vehicle Brands,Bankruptcy,Finance,Vehicle Licensing & Registration,Credit & Lending,Insurance,Health Insurance,Commercial Lending,Real Estate,Food & Drink,College Financing,Legal Services,Restaurants,Home Financing,Architecture,Auto Financing,Advertising & Marketing,Hospitals & Treatment Centers,Agriculture & Forestry,Veterinarians,Emergency Services,Forestry,Business Services,Mental Health,Aquaculture,Travel Agencies & Services,Home & Garden,Grocery & Food Retailers,Fire & Security Services,Real Estate,Tobacco Products,Government,Real Estate Agencies,Footwear,Education,Shopping,Office Supplies,Medical Facilities & Services,Travel,Printing & Publishing,Social Services,Hotels & Accommodations,Fuel Economy & Gas Prices,Performing Arts,Computers & Electronics,Chemicals Industry,Sports,Apparel,Pharmacy,Professional & Trade Associations,Consumer Electronics,Computer Hardware,Consumer Electronics,Luxury Goods,Industrial Materials & Equipment,Unwanted Body & Facial Hair Removal,Agricultural Equipment,Boats & Watercraft,Alcoholic Beverages,Construction & Maintenance,Retail Trade,Building Materials & Supplies,Pharmaceuticals & Biotech,Freight & Trucking,Civil Engineering,Transportation & Logistics,Maritime Transport,Construction Consulting & Contracting,Distribution & Logistics,Aviation,Home Improvement,Jobs,Import & Export,Entertainment Media,Developer Jobs,Rail Transport,Gifts & Special Event Items,Food Production,Mail & Package Delivery,Home Appliances,Home Furnishings
2020-01-05,85,72,49,45,68,93,53,33,93,40,56,100,59,91,92,50,100,53,11,34,80,8,45,82,74,72,53,56,16,42,72,66,75,100,60,31,97,100,18,67,100,63,32,72,53,84,100,61,20,100,90,45,61,51,42,65,65,85,70,43,70,64,71,87,62,79,57,47,63,63,45,33,50,83,79,54,43,100,64,94,58,42,74,83,79,48,36,37,48,97,83,92,83,76,95,65,74,88,32,73,60,88,92,88,67,96,75,80,88,82,71,93,84,79,84,71,88,100,84,83,61,95,94,74,62,54,96,100,65,72,83,63,82,65,87,100,91,28,98,82,83,79,62,64,88,71,89,86,77,86,12,86,89,72,82,54,86,36,84,55,88,64,100,100,87,76,100,77,92,55,74,100,97,46,82,58,77,68
2020-01-12,94,73,42,47,64,91,57,35,91,41,47,95,54,88,90,63,96,55,16,34,86,9,48,64,78,72,54,54,9,43,73,76,84,100,60,27,80,96,15,62,98,58,33,74,57,84,99,58,20,99,76,47,60,53,49,66,64,80,70,44,70,60,73,90,71,83,63,48,85,64,45,35,51,86,78,66,41,88,65,90,52,43,70,91,79,52,37,37,53,100,87,73,88,78,100,67,76,92,44,76,61,93,87,83,71,100,78,74,94,82,76,94,87,76,85,70,91,61,77,87,64,89,100,76,65,59,100,96,64,76,82,67,79,67,88,98,95,28,100,86,88,86,63,63,86,69,79,94,78,94,12,91,83,74,77,56,91,38,86,56,94,79,99,89,86,81,92,78,92,63,68,86,93,47,80,56,73,67
2020-01-19,86,67,36,46,61,85,56,34,92,43,43,69,49,82,84,54,100,54,13,36,79,7,47,60,69,67,50,57,8,35,67,80,76,90,61,27,71,100,15,63,89,52,33,68,56,80,93,55,18,94,70,46,57,50,57,60,60,69,66,42,66,65,70,89,72,80,57,51,61,69,39,34,54,80,80,62,39,81,71,86,50,41,75,84,74,51,36,37,49,92,89,60,85,77,95,70,75,86,36,74,57,85,96,84,63,97,74,72,88,77,75,94,83,76,86,71,90,53,74,89,63,93,89,71,67,52,97,94,61,69,82,70,80,70,87,91,87,29,96,69,85,82,61,80,85,68,90,98,79,98,11,83,83,74,73,56,90,44,85,59,87,76,98,92,84,77,86,78,90,54,59,81,92,43,77,53,69,63
2020-01-26,96,67,46,53,65,86,61,34,89,45,46,71,53,80,87,55,90,53,15,41,75,5,50,66,67,73,53,60,7,40,67,73,81,93,60,27,71,90,16,68,86,53,38,70,61,83,89,58,17,85,72,53,60,51,74,65,66,70,69,43,69,59,70,84,74,77,56,49,60,65,45,30,57,80,71,62,42,89,66,89,49,41,63,82,78,51,35,35,51,83,81,71,78,74,89,66,65,88,37,69,51,83,82,77,65,94,72,74,81,78,69,86,82,73,86,67,88,52,66,81,63,78,81,73,68,48,94,84,58,65,75,86,76,66,85,87,86,28,83,63,78,75,60,100,83,72,78,77,78,77,10,75,77,72,74,52,90,41,92,55,76,69,93,85,80,67,93,80,86,56,55,70,96,41,75,52,66,62
2020-02-02,91,76,41,47,68,96,68,35,97,53,53,80,62,94,91,69,92,58,19,56,93,5,49,87,77,76,55,57,8,46,76,76,82,94,61,30,82,92,16,77,96,54,50,73,68,86,92,61,20,92,69,47,63,52,69,67,66,93,69,46,69,65,71,89,71,83,56,51,63,69,45,32,54,85,80,67,43,91,70,93,49,43,78,88,84,54,39,39,52,82,89,55,91,81,96,67,79,90,49,75,57,87,90,92,62,97,73,85,95,76,74,89,88,82,90,70,89,46,64,89,72,82,82,73,64,55,97,85,63,74,75,95,76,67,91,89,100,31,87,69,91,85,68,65,84,71,89,93,78,93,11,84,77,75,69,51,88,37,84,60,91,81,97,87,86,85,89,77,97,62,55,96,99,49,83,54,68,63
2020-02-09,100,78,100,48,70,91,74,36,96,59,51,71,60,90,90,62,81,58,26,52,100,6,51,71,75,74,56,56,8,46,78,76,74,87,59,27,70,81,17,78,95,60,55,74,74,86,87,61,25,85,59,48,63,58,69,70,68,85,71,45,71,77,69,82,67,81,57,48,66,62,44,36,56,84,71,70,43,81,62,87,61,44,68,91,97,56,38,36,54,83,90,100,88,83,99,65,81,93,54,79,56,90,91,93,74,94,75,86,100,85,77,95,91,83,89,75,90,46,71,90,78,91,84,74,61,55,94,83,62,72,79,89,81,65,91,91,94,32,88,75,88,88,70,53,86,73,100,97,84,97,11,89,78,84,66,53,90,37,84,67,93,100,100,85,86,84,90,84,100,67,62,89,99,62,82,60,68,63
2020-02-16,80,80,71,50,71,95,79,38,100,58,50,85,62,91,92,51,86,59,27,77,84,5,52,64,84,75,61,60,8,47,80,88,85,88,61,29,78,86,18,80,90,63,63,77,79,92,90,66,21,87,83,50,67,58,73,74,70,94,76,51,76,70,74,73,74,82,60,50,100,65,48,36,65,94,79,70,47,79,65,97,66,48,71,91,84,59,39,38,54,86,92,51,100,83,96,68,83,100,48,80,57,94,92,93,74,100,74,83,97,77,77,95,92,86,90,74,91,61,78,92,77,91,83,74,59,59,100,95,62,100,84,96,77,68,96,90,97,32,87,81,100,86,71,56,85,72,92,85,82,85,11,89,76,85,64,54,87,36,85,62,88,86,97,95,84,83,84,78,98,59,53,90,100,46,79,57,68,63
2020-02-23,89,71,38,50,64,90,78,37,95,52,44,58,56,69,81,48,72,57,31,45,93,5,49,60,65,67,56,63,8,47,71,80,93,77,58,32,75,72,15,68,82,59,63,73,78,80,81,65,18,78,69,50,60,53,89,71,70,98,66,45,66,64,64,74,64,77,62,45,71,59,44,29,56,84,69,62,41,79,62,86,60,48,64,89,74,47,35,34,51,73,94,52,87,81,95,67,89,96,42,84,55,93,100,97,72,97,71,85,100,73,76,95,86,85,91,73,95,42,70,94,83,90,81,72,60,58,97,85,65,85,76,95,76,67,97,87,93,33,84,77,87,85,71,58,83,75,96,85,83,85,10,85,78,84,64,51,86,38,80,70,89,78,94,85,90,75,83,76,95,68,54,90,99,46,82,53,67,61
2020-03-01,68,86,32,48,72,90,80,39,89,68,59,70,77,100,100,71,73,54,100,55,82,7,52,79,90,87,57,63,9,45,86,83,73,75,60,30,76,73,16,85,87,58,78,72,80,97,78,71,26,73,74,48,68,64,81,70,70,92,72,49,72,67,71,75,73,77,60,48,62,63,55,32,64,99,77,72,49,76,64,100,62,44,74,93,77,50,44,37,51,68,91,42,85,80,92,64,88,90,40,81,54,100,99,100,63,95,72,82,100,72,97,91,86,87,98,74,92,40,82,91,83,83,80,70,63,61,95,92,67,74,76,93,75,64,100,82,97,33,82,72,85,84,76,56,80,81,86,78,78,78,11,82,73,80,60,52,83,43,79,64,92,74,93,85,87,87,82,72,92,64,52,90,100,45,84,53,66,61
2020-03-08,83,83,32,45,70,90,73,40,94,59,51,64,60,94,100,64,66,54,45,52,71,7,48,63,89,85,57,69,9,49,83,85,79,69,57,40,66,66,22,84,84,54,80,74,73,98,75,75,25,62,64,45,69,75,91,67,75,100,68,52,68,64,69,64,73,68,59,45,61,58,57,31,57,93,77,68,46,73,60,97,71,47,70,79,78,55,42,40,49,63,85,43,79,76,86,65,86,83,49,92,49,88,98,94,65,85,69,79,89,67,76,90,77,81,93,74,87,40,80,85,78,80,83,68,68,62,85,97,72,63,72,90,74,65,95,80,86,35,74,78,79,80,77,58,76,83,90,76,76,76,10,77,70,79,57,53,79,40,73,63,83,78,87,77,80,79,91,68,83,65,53,67,86,43,78,49,68,58
2020-03-15,33,80,32,41,85,81,63,46,88,47,48,47,61,69,76,72,48,67,32,42,52,12,50,51,97,80,65,100,11,51,80,87,75,58,53,74,58,48,18,86,51,34,93,63,63,88,57,93,25,39,64,41,82,96,42,50,88,77,78,64,78,59,72,50,73,70,53,40,48,52,57,37,52,88,69,52,46,70,60,84,100,83,74,75,57,55,37,36,38,44,89,32,64,84,75,77,89,75,49,100,47,95,88,89,77,77,66,77,85,58,100,84,68,84,100,77,99,52,68,89,82,71,71,67,100,61,77,82,77,61,58,99,72,77,97,73,78,41,60,98,64,85,100,45,64,100,90,72,86,72,9,78,58,76,51,58,81,57,82,69,86,69,88,79,84,83,94,65,89,73,66,81,80,41,97,60,76,53
2020-03-22,36,74,39,52,85,67,51,53,71,64,66,22,69,52,59,78,43,94,32,37,49,34,59,48,74,67,75,86,32,64,74,94,92,41,50,100,56,43,22,94,33,28,85,62,51,73,42,87,82,30,100,52,88,96,31,46,100,63,78,65,78,45,63,55,67,67,49,53,27,47,60,77,55,74,56,75,33,56,53,79,93,97,100,38,54,74,31,29,33,25,96,29,56,100,71,90,92,68,50,95,47,92,75,84,88,73,71,93,80,54,98,82,69,85,93,85,100,43,71,96,76,77,57,66,85,100,73,79,100,59,48,100,80,90,93,53,77,100,45,89,56,94,99,34,59,91,75,80,97,80,7,75,69,68,45,62,80,74,78,67,83,66,84,69,75,87,78,70,99,60,90,59,71,44,87,73,74,55
2020-03-29,35,92,45,54,92,75,57,57,73,60,80,30,96,76,82,68,45,95,47,37,53,52,61,69,85,72,78,81,36,64,92,98,83,44,56,75,52,45,20,90,38,32,100,66,57,76,43,85,94,29,69,54,93,94,33,49,91,56,84,68,84,51,62,63,78,61,48,78,34,52,51,72,71,75,66,100,29,49,58,88,73,100,94,33,57,76,35,37,39,23,100,31,67,96,74,100,100,70,48,90,54,86,71,84,75,75,82,100,85,55,86,80,73,84,86,92,98,41,83,100,84,79,53,77,69,72,75,83,88,60,57,92,83,100,86,44,80,67,40,93,67,100,95,32,68,90,72,90,100,90,8,85,81,84,51,61,82,65,82,73,82,73,86,72,83,83,64,78,86,64,98,68,84,56,89,84,78,67
2020-04-05,31,94,40,53,89,75,62,56,70,45,99,34,100,69,74,100,47,100,33,38,56,100,66,88,79,88,84,84,98,59,94,87,94,41,63,61,59,47,20,85,45,35,93,70,62,84,42,81,100,31,83,53,97,97,32,58,95,63,87,73,87,57,72,71,79,56,53,77,39,64,50,100,71,86,64,70,35,57,70,90,75,90,75,32,63,73,37,44,49,23,93,33,73,87,77,84,85,73,42,77,54,75,59,63,79,76,95,78,75,59,74,84,65,79,72,92,92,37,77,93,72,89,51,86,73,59,76,92,69,58,67,82,91,84,78,43,78,45,38,81,73,92,91,34,77,87,62,93,95,93,9,86,93,90,54,66,87,84,88,58,78,72,87,77,72,75,61,89,71,58,100,69,89,62,87,91,83,77
2020-04-12,31,100,45,60,95,72,68,58,69,61,100,37,96,88,83,93,44,85,54,38,57,68,66,73,93,100,81,68,100,62,100,91,79,42,64,50,54,44,22,82,41,34,92,75,68,92,42,83,82,28,74,60,100,96,30,63,94,64,85,77,85,68,78,71,84,63,57,68,41,64,54,68,79,85,61,72,50,54,72,89,78,83,78,33,61,68,55,49,50,23,86,33,78,85,79,82,83,74,41,76,46,78,61,60,63,76,86,83,73,57,75,82,72,74,69,92,93,36,73,86,73,85,47,91,66,53,76,88,62,57,67,76,84,82,76,40,72,39,35,87,78,88,88,33,75,78,74,89,97,89,8,86,93,92,56,62,86,53,89,56,86,69,87,61,70,78,64,91,70,49,90,66,81,61,81,96,87,79
2020-04-19,35,97,42,100,98,78,75,61,75,63,73,50,78,91,75,93,50,94,42,48,67,36,73,66,93,84,91,66,46,66,97,96,75,44,74,46,62,50,28,85,47,41,94,80,75,87,42,90,49,30,94,100,100,100,32,65,88,71,94,83,94,70,82,87,93,66,58,67,50,70,59,51,100,84,62,84,60,53,79,84,88,86,72,34,67,70,70,56,65,30,95,33,73,91,85,86,90,81,100,82,49,85,64,68,74,78,91,80,98,59,89,84,71,83,73,93,91,37,85,95,83,94,49,92,64,57,78,84,72,59,71,83,85,86,81,42,84,44,37,100,73,94,90,35,78,78,79,86,97,86,10,93,87,94,60,59,90,61,91,63,86,76,94,65,75,86,66,93,74,58,89,72,96,68,82,100,87,83
2020-04-26,30,87,42,58,92,76,79,55,78,54,67,44,76,74,65,74,51,94,30,40,59,29,70,59,85,66,100,64,30,62,87,92,74,45,76,50,60,51,39,94,45,45,82,79,79,74,42,87,38,30,69,58,95,88,31,68,77,61,92,81,92,67,82,84,93,71,58,63,55,73,50,52,96,83,74,82,60,48,83,83,94,87,71,34,68,73,74,58,71,27,95,33,78,93,87,81,92,83,45,80,64,84,69,74,69,86,89,92,86,59,78,89,78,87,73,98,90,37,91,95,91,99,48,97,61,58,86,83,78,65,81,99,90,81,84,43,83,44,40,86,78,98,95,35,87,74,76,97,98,97,10,100,92,96,62,61,97,44,97,65,87,80,91,62,81,79,62,97,73,66,87,73,91,76,93,93,95,90
2020-05-03,30,99,40,48,97,82,80,61,80,63,91,61,96,85,74,66,53,91,34,43,59,32,72,100,97,75,90,63,30,61,99,91,68,51,80,51,69,53,100,87,55,53,89,86,80,82,46,85,50,33,70,48,95,93,31,74,78,63,91,85,91,70,84,81,92,63,59,73,62,85,52,49,100,96,78,89,78,55,91,100,81,81,81,34,71,71,95,64,78,25,97,35,77,91,92,79,91,89,45,78,70,85,71,74,74,86,92,81,84,59,78,87,81,88,72,96,84,36,85,97,93,91,47,95,64,70,86,86,65,67,89,94,95,79,82,43,85,36,40,79,77,95,91,35,91,77,80,91,98,91,10,95,85,90,61,58,96,45,95,67,91,77,89,70,83,69,64,96,74,61,80,65,88,100,100,88,96,93
2020-05-10,33,95,42,47,94,86,79,64,82,59,75,64,80,79,73,70,56,85,30,45,62,24,73,84,97,77,88,63,27,67,95,90,68,50,85,40,72,56,86,84,68,58,82,87,79,82,43,83,42,32,88,47,94,93,31,76,74,65,92,84,92,84,89,88,93,60,62,74,68,88,60,50,99,95,66,83,86,43,93,87,83,71,73,34,73,70,94,66,87,26,92,33,64,92,97,74,90,90,50,77,80,85,71,72,70,91,85,87,86,61,80,93,84,87,74,97,87,38,95,92,92,99,49,92,58,67,91,87,61,70,83,93,86,74,85,45,82,37,43,72,64,94,89,37,94,72,79,88,94,88,11,96,83,100,63,59,95,39,94,64,91,82,88,64,80,77,65,94,75,80,75,75,90,60,91,81,91,90
2020-05-17,34,92,41,47,96,90,86,100,91,68,70,58,71,80,74,80,60,89,29,46,64,20,76,76,95,75,90,67,26,68,92,92,84,52,89,39,81,60,43,91,66,66,82,91,86,82,47,86,36,34,89,47,97,99,31,81,77,68,94,88,94,97,99,95,95,66,65,75,64,93,59,47,92,100,66,88,92,47,97,84,97,76,75,36,77,69,100,67,92,28,96,32,67,81,98,77,92,93,43,77,66,89,76,77,71,93,88,89,87,67,82,92,100,88,77,97,90,38,93,96,100,94,55,100,61,65,93,92,61,75,100,91,89,77,84,47,89,34,49,75,67,94,92,38,96,72,83,92,94,92,12,98,87,96,63,58,99,39,99,69,100,94,90,66,88,80,65,100,76,100,72,68,91,53,92,77,99,100
2020-05-24,29,89,44,49,91,95,82,66,88,65,62,57,70,71,70,78,59,89,29,43,66,15,71,62,91,70,91,65,21,67,89,94,83,61,90,39,87,59,29,92,70,68,75,88,82,81,46,89,30,32,84,49,93,95,32,81,75,68,97,84,97,85,90,88,100,59,70,100,66,92,50,41,81,88,64,82,80,42,94,83,80,77,71,40,75,67,78,66,91,29,93,34,61,82,96,77,95,96,48,78,72,91,75,77,61,95,84,90,87,67,81,93,88,88,78,91,91,38,99,93,97,100,59,98,63,61,95,91,62,74,92,90,84,77,87,51,91,36,53,73,61,91,91,40,94,72,81,88,91,88,11,100,91,91,64,60,100,40,100,64,98,93,90,75,84,77,68,98,78,72,75,90,96,51,89,76,100,96
2020-05-31,28,94,41,47,95,94,85,61,96,58,75,71,80,90,78,62,62,81,32,47,63,15,69,81,95,78,86,64,29,67,94,89,100,55,90,47,100,62,25,96,69,72,81,91,85,82,47,91,37,33,80,47,98,96,32,86,75,71,95,84,95,87,100,96,92,66,69,87,68,98,57,44,84,91,63,92,80,41,99,86,92,76,75,38,78,67,83,70,92,33,91,33,59,78,96,72,87,94,45,81,65,90,74,76,72,92,81,84,88,70,90,97,83,82,81,86,87,36,87,91,88,85,60,88,58,58,92,84,63,67,85,83,79,72,88,53,83,39,61,76,59,88,81,40,89,67,83,83,87,83,10,91,89,91,59,56,98,41,91,64,94,86,85,63,80,78,73,96,74,64,63,89,89,49,86,69,90,90
2020-06-07,30,95,40,44,98,93,84,63,98,100,71,70,76,83,77,89,71,82,34,51,65,15,72,100,97,74,85,69,20,66,95,90,97,58,90,42,76,71,20,86,74,71,79,93,84,85,47,89,35,39,78,44,96,95,33,88,74,71,100,81,100,84,100,91,92,61,71,80,68,97,56,48,83,94,68,84,94,44,99,84,85,75,74,40,78,68,83,69,93,36,87,33,56,75,96,70,78,95,47,79,63,89,73,75,67,99,80,91,85,73,89,98,82,79,80,84,85,36,92,87,98,89,57,89,60,58,99,85,60,70,85,78,81,70,82,54,80,34,61,81,56,85,84,44,88,67,86,89,86,89,11,90,87,84,60,59,97,39,91,57,95,77,81,67,79,74,71,92,73,59,68,75,87,47,84,63,92,91
2020-06-14,30,81,39,42,92,90,77,80,95,72,71,61,70,66,69,77,65,84,25,44,62,21,65,72,84,71,81,59,33,71,81,87,95,59,87,39,71,65,19,79,74,68,74,89,77,80,51,95,44,49,68,42,90,88,36,84,79,75,94,79,94,88,83,94,88,63,76,78,68,88,51,46,76,89,68,81,80,45,93,77,77,72,66,35,78,60,75,64,86,37,90,32,57,78,100,75,81,99,41,79,71,90,75,78,77,98,81,97,88,73,89,92,88,80,83,85,86,38,88,90,93,92,61,92,56,68,98,91,61,73,91,84,83,75,91,58,83,34,66,73,57,87,85,46,87,70,86,89,88,89,12,95,90,88,61,59,97,37,90,67,96,81,86,68,86,78,77,95,77,59,64,63,86,51,87,67,93,90
2020-06-21,29,88,39,45,100,93,81,60,97,72,77,71,71,76,72,87,65,83,20,46,61,17,74,75,90,76,83,59,30,69,88,91,97,59,85,39,76,65,21,84,75,60,83,87,81,85,50,89,47,44,69,45,92,92,39,82,79,82,95,83,95,91,88,84,92,65,75,78,67,94,57,43,75,96,66,84,91,42,94,80,83,69,73,39,73,69,79,62,90,37,91,35,54,80,100,76,83,100,45,79,72,92,83,87,100,100,84,93,95,75,88,100,95,81,87,85,91,41,84,91,85,93,61,89,65,60,100,100,63,76,91,83,85,76,94,57,88,33,67,76,54,90,81,50,94,71,91,87,90,87,100,94,88,83,61,59,97,38,94,65,98,96,89,72,85,87,79,93,78,59,66,76,83,56,85,74,98,92
2020-06-28,30,95,42,46,100,94,83,64,96,60,80,75,76,85,80,61,65,88,18,46,63,15,100,74,92,76,85,58,28,66,95,89,88,64,84,43,76,65,20,91,73,62,81,85,83,83,50,88,40,43,63,46,91,93,37,81,77,81,93,85,93,86,95,85,89,59,97,95,62,98,53,40,76,89,68,93,100,44,97,88,85,73,68,39,78,67,79,65,93,42,87,35,57,79,99,69,81,97,42,79,71,87,80,88,70,99,80,85,90,76,85,95,84,78,89,81,82,35,81,87,71,88,59,86,60,59,99,80,69,71,86,72,84,69,91,57,78,32,68,77,57,83,75,50,92,73,88,84,86,84,12,90,86,79,62,58,92,37,88,62,94,81,89,76,94,59,73,92,74,67,67,83,85,47,88,73,90,91
2020-07-05,28,80,42,45,88,89,80,72,93,47,69,61,70,64,65,76,64,85,16,40,63,13,67,88,68,64,75,60,23,59,80,81,89,67,85,40,65,64,18,76,76,60,67,85,80,72,50,83,37,45,69,45,83,93,38,77,78,77,89,73,89,86,81,80,83,61,71,75,62,93,53,35,64,76,62,78,62,41,96,77,66,72,68,35,77,55,64,63,88,42,85,33,57,79,97,71,74,94,49,83,72,82,76,85,78,99,81,78,97,75,84,92,76,72,88,86,84,34,84,85,69,88,57,85,61,61,99,80,73,73,85,63,84,71,89,59,80,31,69,73,57,82,72,51,86,72,89,85,84,85,11,87,84,74,63,59,91,37,89,61,96,73,93,73,83,79,75,93,74,53,68,84,88,49,79,70,87,88
2020-07-12,30,86,41,44,89,93,80,49,94,62,73,76,71,85,86,57,68,81,21,46,64,13,67,89,79,83,79,64,21,53,86,84,78,66,85,37,92,68,18,81,86,54,65,85,80,87,49,83,35,43,66,44,86,90,38,82,81,91,89,74,89,89,88,85,90,67,68,78,61,95,61,38,72,88,62,83,80,42,95,77,79,71,79,36,81,59,82,58,92,41,90,32,56,80,97,74,83,95,55,82,75,84,75,87,77,99,81,84,87,74,79,92,80,77,90,81,91,36,82,90,73,86,53,87,65,64,99,90,71,72,91,72,87,74,94,54,81,32,64,84,56,88,79,56,94,75,90,89,88,89,11,87,83,86,61,57,95,36,91,67,96,76,89,69,100,77,77,91,73,56,70,82,88,50,83,73,93,90
2020-07-19,32,83,39,42,83,95,83,46,98,56,64,68,58,78,82,62,70,78,15,48,63,13,68,79,75,74,76,66,17,47,83,81,73,56,86,32,83,70,19,81,86,54,52,87,83,85,47,79,27,40,73,42,84,86,36,80,80,81,89,71,89,96,82,84,87,62,69,78,61,92,63,39,69,86,64,80,79,41,93,77,71,75,72,36,90,60,79,60,89,38,91,31,60,80,98,78,81,97,47,78,69,80,72,80,65,94,80,86,92,71,76,94,78,77,90,83,90,35,78,91,88,86,47,86,60,73,94,83,69,74,90,88,86,78,94,51,86,33,57,76,60,89,87,59,98,80,85,87,91,87,11,88,83,85,63,56,94,35,88,70,96,83,89,67,88,83,84,88,81,58,65,63,90,52,82,75,90,85
2020-07-26,30,89,40,43,87,96,100,45,97,66,64,70,62,78,78,60,73,78,15,48,62,10,64,67,83,77,80,60,17,57,89,89,71,75,100,42,77,73,19,88,93,100,63,100,100,85,52,94,26,35,66,43,89,94,35,100,81,78,96,100,96,91,88,100,94,67,65,85,91,100,56,38,76,87,65,100,79,43,100,81,69,70,73,38,74,77,81,100,100,36,90,37,59,78,98,76,87,93,45,79,67,84,72,78,71,95,79,90,87,71,81,94,75,81,92,88,92,37,100,90,96,86,48,86,57,77,95,89,66,71,84,89,82,76,99,49,89,32,56,78,59,90,81,58,93,77,84,86,96,86,12,89,85,86,63,57,91,36,88,72,97,82,88,67,87,100,76,89,74,64,66,78,81,52,90,77,87,85
2020-08-02,31,93,39,44,90,100,83,49,98,71,80,77,81,90,87,58,76,75,17,47,64,15,69,84,85,80,87,89,23,81,93,89,74,53,82,36,87,76,16,100,93,57,78,88,83,89,50,100,35,40,70,44,87,98,42,79,78,84,87,77,87,96,92,92,94,76,64,78,62,89,55,41,73,90,58,94,77,43,90,96,77,70,85,51,79,67,82,56,87,37,91,31,55,87,95,78,86,91,43,77,88,80,69,77,70,94,79,90,86,69,77,91,75,81,88,88,90,40,82,91,87,83,51,85,62,72,94,91,65,69,80,88,82,78,96,50,95,32,56,66,55,92,95,58,88,77,82,84,94,84,10,87,85,84,61,58,91,38,86,71,96,83,90,67,85,87,77,90,79,55,64,65,83,56,83,81,84,80
2020-08-09,31,86,38,44,88,93,82,50,96,68,67,70,66,79,79,63,69,75,16,49,61,12,68,88,85,74,83,63,17,68,86,86,79,52,78,33,82,69,16,96,85,55,76,89,82,86,49,91,30,53,82,44,83,87,49,78,76,79,86,75,86,90,87,88,94,72,60,78,64,86,100,34,80,87,67,81,80,38,88,80,84,70,74,37,79,60,83,53,82,37,89,33,64,83,93,76,87,90,41,73,59,78,68,75,75,94,80,83,87,69,76,94,73,82,86,90,87,38,81,89,94,87,53,87,61,63,94,90,62,72,84,85,83,76,92,50,85,32,56,71,64,88,85,59,89,76,81,86,92,86,12,88,87,89,67,57,93,38,88,74,96,78,90,70,85,90,73,89,73,65,69,81,84,59,89,83,86,84
2020-08-16,30,78,36,40,83,89,78,46,94,58,57,67,58,69,76,68,69,71,17,45,60,11,69,75,72,66,81,56,16,71,78,82,86,50,74,29,76,69,16,92,83,49,71,82,78,83,46,86,25,35,79,40,80,85,47,74,77,78,85,69,85,92,79,84,90,69,59,73,55,85,58,30,68,75,73,80,63,36,84,75,69,67,66,40,71,57,65,49,77,37,92,32,70,81,96,77,88,92,45,72,58,80,69,77,75,95,80,81,84,67,76,100,78,80,88,89,83,40,78,92,96,96,51,84,60,68,95,91,63,75,86,86,81,77,93,51,82,32,59,62,70,90,87,60,89,76,89,86,93,86,11,92,94,88,66,59,94,39,89,89,97,85,90,69,84,86,74,91,75,66,66,79,93,64,92,87,88,82
2020-08-23,31,86,39,42,86,96,80,50,100,67,60,72,62,82,85,65,73,73,14,100,59,10,71,68,82,77,90,64,18,100,86,92,91,49,77,29,91,73,17,85,88,55,81,85,80,91,47,99,27,38,66,42,82,87,49,77,79,86,87,70,87,91,91,89,99,70,60,75,60,88,58,34,76,85,68,82,69,42,86,84,78,65,74,51,80,68,70,50,80,36,88,32,66,79,91,74,85,89,39,71,55,78,65,69,59,93,81,80,89,66,72,94,80,80,90,90,86,39,77,88,90,92,50,85,59,66,93,88,59,68,83,81,81,74,92,48,81,32,56,68,66,84,88,62,87,73,81,79,84,79,11,91,88,86,65,57,91,36,87,71,91,92,88,72,83,78,74,89,73,64,61,72,90,61,83,85,86,79
2020-08-30,30,83,39,40,92,88,74,51,94,68,69,74,62,87,87,66,67,71,13,50,62,8,65,77,80,77,85,59,16,83,83,86,83,48,75,30,76,67,19,87,82,50,78,80,74,86,46,90,30,34,68,40,81,85,40,78,74,76,81,69,81,88,85,82,91,67,57,66,55,83,53,31,72,76,69,76,68,39,84,87,73,68,69,42,78,58,60,49,75,36,84,34,69,76,90,71,84,87,40,73,57,79,65,68,59,90,78,78,86,68,72,91,71,76,85,92,82,34,80,84,94,93,50,84,59,63,90,99,57,66,79,80,78,71,92,50,81,31,57,70,69,84,85,58,86,75,82,79,87,79,10,91,89,91,68,57,90,41,86,67,91,80,87,77,80,79,68,87,75,61,60,72,85,72,82,82,80,79
2020-09-06,30,85,36,39,92,93,75,52,95,69,65,74,63,84,88,65,74,70,13,46,59,8,67,96,82,76,85,66,13,71,85,88,79,46,77,29,74,74,16,83,85,52,75,82,75,88,45,88,32,35,62,39,80,88,44,76,78,89,82,69,82,94,87,89,91,66,59,70,57,85,62,30,73,77,100,75,69,40,85,87,67,68,81,39,81,66,61,49,78,37,86,31,60,76,95,71,83,90,44,71,69,78,67,77,71,94,76,80,81,70,73,91,78,77,85,100,89,35,79,86,97,89,51,85,60,68,94,88,58,67,78,83,78,71,92,51,79,33,60,73,60,86,85,66,87,74,76,83,87,83,11,91,92,91,69,57,93,35,89,74,92,84,91,77,80,86,69,85,76,67,62,71,84,57,85,82,79,79
2020-09-13,32,80,35,41,89,89,76,44,89,68,66,73,54,81,80,45,69,68,10,43,58,8,61,77,76,78,85,62,12,82,80,84,79,66,76,29,80,69,15,83,80,52,75,79,76,86,49,83,24,40,80,41,75,86,57,78,74,66,78,66,78,77,83,87,88,65,57,66,53,85,55,31,65,76,66,77,70,36,85,88,72,72,81,40,82,59,58,49,72,36,82,32,55,77,90,69,80,86,37,68,73,77,65,74,66,92,73,74,81,69,71,90,78,73,84,89,86,35,68,82,87,86,55,85,58,54,92,87,59,65,77,77,78,69,90,50,80,36,62,68,55,85,78,61,84,71,84,81,86,81,10,87,88,92,64,54,87,37,86,59,90,78,84,68,80,68,68,83,75,54,70,78,81,52,80,77,76,75
2020-09-20,41,76,40,39,86,88,71,52,90,87,55,62,50,77,79,64,66,67,12,43,59,6,58,74,70,75,81,65,12,77,76,89,72,47,76,29,80,66,15,86,79,56,69,78,71,87,46,84,21,39,84,39,74,82,56,72,77,76,73,64,73,77,83,86,95,100,57,67,56,84,71,30,68,75,63,69,73,40,84,79,71,67,72,38,100,62,56,51,71,38,80,38,49,73,89,67,74,86,42,68,62,77,68,76,65,90,73,75,80,68,74,90,75,71,82,87,76,32,73,80,82,85,55,85,59,52,90,86,57,65,76,67,74,67,88,53,88,32,67,58,49,83,76,59,83,70,78,82,84,82,11,85,95,91,66,54,90,36,88,60,93,76,85,72,75,73,65,84,71,57,71,58,85,51,77,76,76,76
2020-09-27,31,81,39,40,88,88,70,42,91,75,61,63,53,84,87,56,67,70,11,46,59,7,66,71,81,77,88,77,15,83,81,92,74,46,76,35,93,67,15,86,75,59,73,78,70,91,47,81,24,46,69,40,74,83,63,73,75,81,76,61,76,79,88,91,88,68,58,67,58,85,55,31,68,79,79,74,68,42,86,87,68,63,58,42,80,60,60,55,70,42,73,30,45,68,90,61,59,84,36,66,67,74,62,69,65,89,72,79,70,73,73,80,73,64,78,80,80,31,69,73,69,76,54,79,55,51,89,82,57,64,73,53,75,61,87,53,75,28,66,56,45,73,75,62,81,69,72,71,75,71,10,79,94,86,69,54,85,40,82,59,88,74,78,73,76,63,63,81,70,47,56,70,80,49,76,66,70,73
2020-10-04,27,82,35,39,88,85,71,41,87,72,64,67,62,80,85,64,65,72,10,41,65,8,62,88,75,78,84,76,13,73,82,95,72,49,74,32,80,65,15,83,78,68,69,78,71,89,49,81,26,39,74,39,74,80,62,74,76,77,76,59,76,100,83,85,92,62,57,64,61,83,54,30,70,77,72,70,67,42,84,85,75,60,70,42,82,58,61,52,68,39,74,29,45,67,88,61,59,82,37,67,58,74,59,66,61,91,74,73,77,71,74,88,68,68,77,82,80,31,65,74,75,77,50,82,59,53,91,84,58,63,72,63,75,61,84,50,79,27,62,60,45,73,69,58,83,73,65,74,75,74,10,76,90,87,75,54,87,38,83,66,91,68,79,66,74,58,67,84,68,52,55,55,75,49,75,64,73,71
2020-10-11,28,76,36,40,82,85,66,39,87,75,55,59,50,65,75,58,62,72,8,40,73,6,57,74,67,71,90,73,10,74,76,93,78,48,76,30,81,62,16,81,72,65,63,77,66,81,49,86,20,41,79,40,69,80,52,75,76,79,73,59,73,79,81,84,94,65,57,65,67,83,63,30,67,74,67,72,63,34,81,79,71,59,60,43,91,99,51,53,67,36,77,29,47,80,90,63,60,86,35,66,60,73,60,67,60,91,68,67,75,68,70,82,70,67,82,82,82,33,67,77,82,93,48,78,54,97,91,86,58,68,72,71,75,63,88,48,81,29,61,57,47,74,71,58,85,72,76,73,76,73,9,78,93,89,71,51,86,38,86,58,89,75,79,66,75,72,58,82,72,51,46,69,75,51,70,71,69,71
2020-10-18,29,77,35,40,89,89,66,40,95,74,58,61,44,76,82,62,68,69,9,45,72,6,58,62,69,74,83,83,11,84,77,95,72,48,76,27,79,68,15,84,78,55,68,76,66,89,52,85,19,50,87,40,73,83,59,73,75,88,74,61,74,87,92,87,90,73,55,73,61,95,57,30,62,77,65,75,67,39,98,84,78,58,60,45,79,76,55,56,65,38,74,28,50,73,91,64,56,87,31,66,74,73,60,65,62,89,69,74,73,69,70,79,70,60,82,81,83,31,67,74,72,90,45,77,55,55,89,81,57,68,72,65,76,64,87,49,73,28,62,59,50,75,67,61,88,69,69,79,75,79,12,78,95,97,67,54,84,38,82,58,89,72,81,66,78,67,57,79,70,48,49,62,81,51,66,68,69,70
2020-10-25,32,76,37,40,88,88,67,41,90,85,58,63,49,77,83,56,68,71,9,43,67,6,60,65,70,77,86,91,11,86,76,100,92,47,77,28,87,68,16,87,76,52,72,79,67,91,51,84,18,45,67,40,73,83,54,77,75,80,75,61,75,77,91,87,97,67,56,65,59,87,54,28,64,73,61,74,59,40,86,88,76,59,60,43,79,65,52,51,65,39,73,30,48,69,94,62,61,82,40,65,68,71,64,66,50,90,69,77,74,72,65,79,73,64,78,80,82,31,65,73,72,82,47,78,51,53,90,81,57,67,70,66,80,62,87,50,76,27,63,59,48,78,64,52,86,73,73,100,76,100,11,77,96,91,66,54,83,37,80,53,88,73,78,65,79,70,53,81,70,52,47,79,73,49,77,64,68,70
2020-11-01,29,76,32,38,82,81,74,37,82,70,59,67,52,76,84,44,63,65,10,41,61,6,55,68,68,72,79,73,9,78,76,86,86,54,80,35,65,63,15,100,76,78,69,85,74,87,49,76,21,42,62,38,69,82,62,76,72,68,73,57,73,76,86,84,84,65,57,65,73,85,51,26,64,70,54,71,58,40,85,83,67,47,69,41,70,100,53,70,65,36,69,26,42,66,82,58,53,76,32,62,52,77,55,55,51,82,65,77,63,72,91,71,63,60,71,71,75,28,62,69,61,68,50,71,50,45,82,77,94,59,66,57,70,58,77,47,72,25,57,54,42,67,56,42,76,65,64,67,69,67,10,69,90,85,64,48,78,32,77,51,74,66,70,63,69,61,47,73,60,54,43,64,64,47,65,54,64,65
2020-11-08,31,78,35,45,86,87,70,47,93,85,63,69,58,86,94,62,68,67,11,45,68,7,60,81,72,80,87,78,10,70,78,92,82,50,76,28,75,68,17,92,76,57,74,77,70,96,53,81,25,40,64,45,72,83,69,71,75,93,75,57,75,73,92,88,100,73,61,63,63,85,72,31,66,80,67,72,71,43,87,86,75,49,63,52,78,92,52,49,64,41,71,33,46,70,90,63,55,85,37,67,64,78,61,66,69,89,70,70,79,77,79,83,74,64,83,76,83,31,72,71,66,80,54,79,55,43,89,82,70,63,76,64,79,63,83,53,77,27,66,53,46,72,62,45,84,71,73,83,78,83,11,78,89,88,74,56,88,35,88,100,90,70,79,66,75,68,48,84,68,50,58,59,76,54,70,61,72,70
2020-11-15,34,83,44,42,88,91,66,44,93,81,57,66,50,82,90,73,71,69,12,59,65,7,56,77,100,81,84,81,9,85,83,91,83,51,74,29,70,71,18,96,78,61,73,74,66,93,57,78,20,46,73,42,74,79,72,69,75,84,78,57,78,81,88,90,90,75,62,64,63,85,63,33,66,79,72,74,63,49,88,86,77,49,64,52,78,81,49,49,62,42,82,31,50,70,91,64,57,87,34,65,66,74,63,65,55,90,71,68,77,76,72,83,73,100,86,78,81,40,70,82,69,78,53,80,57,51,90,84,64,65,75,64,81,64,89,55,76,29,66,61,50,78,63,44,85,71,74,80,84,80,12,78,88,91,73,59,96,40,96,70,93,70,83,74,83,78,52,87,68,58,52,64,75,56,70,60,73,71
2020-11-22,30,65,40,38,77,82,58,37,88,67,48,55,44,68,77,49,64,65,10,42,60,6,48,58,61,74,73,69,11,65,65,84,74,51,66,26,62,64,16,84,67,56,63,70,58,85,56,74,16,46,95,38,66,71,100,66,70,76,71,52,71,70,82,79,84,78,63,60,62,80,49,30,57,69,59,60,52,53,81,76,65,44,63,51,72,59,42,48,55,43,72,33,50,68,92,64,56,84,35,65,65,75,61,63,53,86,71,67,72,75,71,95,74,62,81,74,80,34,64,72,62,83,55,84,58,46,86,80,59,70,97,60,97,64,83,56,75,26,69,63,50,78,62,50,100,74,78,93,83,93,11,80,100,87,77,58,92,41,91,68,90,67,80,70,76,73,56,85,64,59,56,54,74,58,66,61,92,73
2020-11-29,32,75,33,38,84,86,63,36,90,57,65,67,57,90,98,66,68,63,12,47,68,7,48,77,70,87,71,71,9,62,75,89,75,61,68,33,69,68,15,84,76,59,69,76,63,100,63,73,21,51,88,38,69,72,89,72,76,88,73,54,73,74,81,89,86,75,62,61,65,78,61,32,62,78,59,67,63,46,77,86,64,46,69,56,79,62,48,49,59,43,71,32,48,69,88,63,64,83,33,66,60,73,59,62,55,89,70,75,77,77,69,86,70,57,81,71,78,31,68,71,61,77,57,80,57,42,89,78,56,63,81,63,84,63,83,56,75,26,69,60,48,75,58,51,89,71,75,83,76,83,12,79,84,86,74,61,87,42,89,61,89,62,87,71,84,64,54,81,65,60,53,69,71,63,66,77,79,69
2020-12-06,30,68,31,35,72,84,60,33,83,58,52,54,53,69,77,55,67,65,19,36,73,7,50,83,63,64,67,67,8,57,68,81,74,56,66,40,55,67,13,74,68,58,57,71,60,75,61,69,20,55,70,35,63,64,78,72,75,70,68,47,68,71,73,83,83,81,66,57,71,77,55,26,53,70,57,52,51,55,76,69,54,40,64,63,77,56,38,46,54,45,68,30,49,68,88,62,54,85,34,63,61,69,60,59,63,85,73,65,74,79,63,84,68,57,82,73,81,31,66,68,59,86,63,78,57,42,85,79,52,65,76,58,86,62,83,56,73,26,68,58,49,71,58,48,91,68,69,87,71,87,12,75,89,80,73,67,81,48,83,72,89,62,91,72,77,78,58,79,63,51,57,63,72,68,66,83,74,64
2020-12-13,28,72,33,42,81,88,61,35,91,70,61,67,54,82,88,39,67,68,11,45,74,8,50,89,75,83,65,69,9,50,72,91,62,66,68,45,65,67,15,79,77,71,63,79,61,92,64,76,22,59,99,42,70,69,74,79,76,93,75,53,75,86,79,86,84,78,74,56,84,72,65,33,59,90,62,68,72,56,74,83,66,41,69,78,86,62,58,51,58,47,67,30,50,68,90,60,53,84,32,64,60,67,59,63,60,86,79,67,69,84,61,80,60,57,83,68,84,32,60,67,57,92,64,77,57,45,86,73,49,65,75,57,88,60,83,60,67,25,75,68,50,74,54,50,91,77,73,93,73,93,13,74,88,77,76,77,79,60,80,60,87,59,93,69,69,62,57,78,58,52,58,43,74,70,64,88,76,64
2020-12-20,26,58,31,38,66,79,52,31,82,42,47,50,42,63,71,39,57,78,7,34,72,6,37,61,58,54,59,69,8,39,58,73,71,53,59,41,51,57,15,61,55,64,37,75,52,67,57,64,15,45,65,38,59,53,69,76,82,74,70,46,70,74,68,78,72,66,100,48,83,63,56,29,49,82,61,50,85,45,62,54,45,40,60,100,83,61,47,45,46,46,58,34,52,65,88,54,44,84,23,55,83,56,39,43,52,76,100,57,53,88,43,77,54,49,69,71,79,26,78,58,53,96,62,77,69,42,76,91,44,59,89,41,100,54,69,57,62,21,73,63,52,72,50,48,91,79,58,99,79,99,14,57,95,69,79,100,66,100,67,49,75,50,79,81,57,50,52,69,42,39,67,40,63,68,67,60,91,68
2020-12-27,36,59,33,34,64,82,50,30,87,41,50,54,44,65,74,40,71,73,8,53,76,5,43,58,59,65,59,73,7,43,59,75,74,55,61,31,51,71,15,73,67,46,33,67,50,74,63,64,13,59,73,34,59,52,63,64,83,80,68,45,68,68,72,74,76,74,89,52,66,67,70,27,55,66,54,45,50,49,68,64,42,43,61,61,65,54,38,45,43,68,58,48,51,61,99,61,41,90,19,52,100,64,40,44,50,87,89,69,41,100,55,86,58,49,68,79,81,29,87,58,52,100,61,87,66,38,87,94,43,60,88,42,95,61,68,69,58,20,92,51,51,71,57,58,96,77,35,98,80,98,13,58,93,75,100,88,74,69,74,49,69,57,69,68,47,58,56,78,43,42,73,33,74,46,70,42,95,91
