date,Events & Listings,Business Services,Entertainment Industry,Performing Arts,Internet & Telecom,Autos & Vehicles,Office Supplies,Programming,Vehicle Brands,Bankruptcy,Finance,Vehicle Licensing & Registration,Credit & Lending,Insurance,Health Insurance,Commercial Lending,Real Estate,Food & Drink,College Financing,Legal Services,Restaurants,Home Financing,Architecture,Auto Financing,Advertising & Marketing,Hospitals & Treatment Centers,Agriculture & Forestry,Veterinarians,Emergency Services,Forestry,Business Services,Mental Health,Aquaculture,Travel Agencies & Services,Home & Garden,Grocery & Food Retailers,Fire & Security Services,Real Estate,Tobacco Products,Government,Real Estate Agencies,Footwear,Education,Shopping,Office Supplies,Medical Facilities & Services,Travel,Printing & Publishing,Social Services,Hotels & Accommodations,Fuel Economy & Gas Prices,Performing Arts,Computers & Electronics,Chemicals Industry,Sports,Apparel,Pharmacy,Professional & Trade Associations,Consumer Electronics,Computer Hardware,Consumer Electronics,Luxury Goods,Industrial Materials & Equipment,Unwanted Body & Facial Hair Removal,Agricultural Equipment,Boats & Watercraft,Alcoholic Beverages,Construction & Maintenance,Retail Trade,Building Materials & Supplies,Pharmaceuticals & Biotech,Freight & Trucking,Civil Engineering,Transportation & Logistics,Maritime Transport,Construction Consulting & Contracting,Distribution & Logistics,Aviation,Home Improvement,Jobs,Import & Export,Entertainment Media,Developer Jobs,Rail Transport,Gifts & Special Event Items,Food Production,Mail & Package Delivery,Home Appliances,Home Furnishings,Events & Listings,Business Services,Entertainment Industry,Performing Arts,Internet & Telecom,Autos & Vehicles,Office Supplies,Programming,Vehicle Brands,Bankruptcy,Finance,Vehicle Licensing & Registration,Credit & Lending,Insurance,Health Insurance,Commercial Lending,Real Estate,Food & Drink,College Financing,Legal Services,Restaurants,Home Financing,Architecture,Auto Financing,Advertising & Marketing,Hospitals & Treatment Centers,Agriculture & Forestry,Veterinarians,Emergency Services,Forestry,Business Services,Mental Health,Aquaculture,Travel Agencies & Services,Home & Garden,Grocery & Food Retailers,Fire & Security Services,Real Estate,Tobacco Products,Government,Real Estate Agencies,Footwear,Education,Shopping,Office Supplies,Medical Facilities & Services,Travel,Printing & Publishing,Social Services,Hotels & Accommodations,Fuel Economy & Gas Prices,Performing Arts,Computers & Electronics,Chemicals Industry,Sports,Apparel,Pharmacy,Professional & Trade Associations,Consumer Electronics,Computer Hardware,Consumer Electronics,Luxury Goods,Industrial Materials & Equipment,Unwanted Body & Facial Hair Removal,Agricultural Equipment,Boats & Watercraft,Alcoholic Beverages,Construction & Maintenance,Retail Trade,Building Materials & Supplies,Pharmaceuticals & Biotech,Freight & Trucking,Civil Engineering,Transportation & Logistics,Maritime Transport,Construction Consulting & Contracting,Distribution & Logistics,Aviation,Home Improvement,Jobs,Import & Export,Entertainment Media,Developer Jobs,Rail Transport,Gifts & Special Event Items,Food Production,Mail & Package Delivery,Home Appliances,Home Furnishings
2020-01-05,99,94,95,100,80,93,46,94,94,83,97,94,93,91,81,60,93,75,61,78,95,96,80,92,91,83,66,50,78,50,94,79,47,88,69,71,90,93,92,74,100,85,34,81,46,87,100,90,87,87,88,100,71,52,67,78,91,64,77,45,77,81,98,70,89,74,86,70,86,78,79,89,60,100,58,83,73,98,57,87,80,66,83,96,73,58,75,54,71,100,78,52,100,69,85,61,54,90,63,43,75,80,79,76,63,86,73,62,32,96,71,83,63,54,73,74,64,68,59,78,86,44,89,81,87,59,86,89,61,74,79,38,84,61,76,100,70,47,87,40,100,84,79,93,83,69,86,93,90,93,38,69,81,77,74,56,70,76,67,57,78,63,87,68,57,59,100,41,83,67,94,60,90,50,83,50,90,86
2020-01-12,94,93,79,99,80,99,52,97,98,65,99,73,97,100,88,54,94,75,63,87,89,96,87,97,100,89,76,48,71,57,93,87,45,92,71,69,89,94,90,72,95,90,39,79,52,96,96,100,87,86,83,99,70,51,74,81,91,68,73,46,73,71,96,67,99,78,100,80,92,83,93,97,67,100,58,94,77,100,60,100,97,57,79,89,73,70,74,53,71,76,95,46,91,82,90,77,93,99,97,52,89,97,99,91,78,93,67,81,32,87,88,96,67,63,91,84,93,85,78,95,95,42,100,83,87,100,93,95,100,89,80,63,87,77,96,96,95,64,95,38,91,96,89,89,84,77,91,96,99,96,42,93,79,88,75,51,77,93,72,76,91,82,89,82,76,85,47,44,99,92,100,68,87,50,92,61,85,83
2020-01-19,99,90,69,93,76,93,52,83,92,69,91,77,95,89,77,62,93,72,60,84,85,97,82,95,88,77,85,55,71,60,90,86,48,82,68,67,78,93,89,65,91,91,40,75,52,80,93,92,79,89,83,93,64,52,84,76,95,79,70,45,70,65,92,65,97,81,88,72,88,80,77,94,60,92,57,75,71,88,57,84,82,57,73,85,68,100,66,49,72,80,95,44,93,80,91,79,93,98,97,50,93,99,100,93,83,93,71,91,34,91,86,99,73,65,91,89,96,86,71,95,96,40,98,81,89,95,93,91,88,93,80,66,90,79,96,100,99,62,100,39,93,97,91,94,87,77,100,94,98,94,45,93,83,88,80,50,80,94,75,78,95,81,89,88,86,79,47,46,99,90,99,100,87,64,96,64,87,80
2020-01-26,89,88,74,99,82,97,51,81,97,54,96,100,96,89,85,66,92,74,66,85,77,100,91,96,91,100,71,54,71,52,88,87,46,83,68,73,74,92,85,74,92,99,43,77,51,100,88,94,78,79,72,99,67,56,100,79,95,58,69,43,69,66,92,72,99,64,92,77,94,81,86,95,65,93,58,93,86,83,57,93,95,55,78,93,67,47,69,47,66,82,97,46,93,84,92,78,93,95,89,51,97,100,98,100,73,98,70,94,72,88,80,93,87,67,99,87,96,90,69,97,93,42,94,85,90,95,98,91,76,94,83,67,87,78,98,97,94,64,97,42,93,98,92,92,88,83,91,94,97,94,47,94,83,93,75,51,83,99,76,87,95,83,89,92,76,85,47,47,98,100,100,89,91,55,99,56,89,85
2020-02-02,99,92,76,96,78,100,52,89,100,79,95,74,96,93,79,59,91,71,67,79,79,97,82,95,94,93,75,53,62,62,92,84,47,76,70,78,80,91,81,71,90,82,43,78,52,98,87,97,80,81,74,96,67,56,81,76,91,75,70,42,70,68,95,73,100,81,86,76,100,81,87,96,65,91,60,88,75,82,57,93,94,53,72,97,68,51,64,50,70,81,93,48,91,80,94,81,94,100,96,51,93,97,97,90,83,100,73,90,100,90,87,100,87,63,100,88,90,84,70,93,92,43,94,84,87,97,100,93,72,98,84,68,91,81,100,96,96,64,93,40,91,95,95,86,89,85,79,93,94,93,46,94,85,92,77,49,81,92,77,75,95,76,88,88,90,89,48,47,98,90,92,87,92,60,99,53,87,86
2020-02-09,97,88,100,97,76,96,52,90,100,69,100,78,95,85,79,100,90,71,54,86,87,98,86,95,91,85,72,48,63,55,88,79,45,72,67,69,81,90,84,65,92,80,37,80,52,89,87,89,79,79,91,97,68,54,75,78,94,66,68,43,68,68,92,71,97,79,87,75,90,80,80,93,62,91,60,84,70,86,56,93,100,53,77,92,80,45,71,47,66,91,94,100,95,79,92,79,96,95,91,51,94,97,93,97,79,96,74,70,66,100,90,96,72,65,93,87,86,84,58,94,90,43,86,84,100,99,96,96,70,88,80,65,94,79,97,91,100,61,93,39,95,96,90,88,88,81,96,96,98,96,49,93,90,91,76,52,80,95,77,83,94,79,89,85,67,100,50,46,94,88,99,63,92,82,99,56,90,86
2020-02-16,100,90,62,100,76,97,62,92,98,69,99,76,100,85,71,71,94,72,57,84,89,96,84,100,93,82,77,54,65,69,90,77,45,76,68,70,85,94,81,60,98,100,37,79,62,90,87,90,75,80,76,100,66,51,96,78,90,67,69,41,69,65,91,67,83,81,86,76,92,80,84,100,72,91,62,92,65,80,59,93,90,49,95,100,70,43,66,44,66,91,100,44,93,80,93,80,100,97,94,49,97,98,100,99,78,95,69,94,45,94,85,94,83,67,96,87,93,82,64,100,90,42,87,87,96,99,95,99,69,100,90,63,96,80,99,97,100,64,94,36,93,96,89,100,96,78,100,94,97,94,48,99,100,89,84,55,81,100,76,77,97,77,93,92,90,95,46,48,96,91,96,57,94,88,97,62,86,80
2020-02-23,94,86,58,88,75,92,52,93,89,67,100,61,90,77,74,67,86,67,52,80,81,89,84,87,85,75,75,55,64,64,86,82,40,63,66,75,76,86,82,61,94,85,36,74,52,82,80,88,76,74,81,88,62,90,83,72,89,61,64,39,64,63,90,66,84,81,88,73,84,76,82,94,78,84,51,87,80,77,53,93,72,48,75,72,73,46,59,46,60,90,89,46,91,79,90,72,92,94,91,52,87,92,90,94,70,93,73,87,45,91,78,95,88,62,87,85,86,88,65,89,86,45,84,83,90,85,93,92,65,91,92,58,94,72,92,93,94,56,90,37,91,92,90,99,95,75,98,92,93,92,44,86,85,92,82,53,78,94,73,70,91,76,85,88,90,83,44,45,89,86,93,69,88,87,90,54,88,77
2020-03-01,88,85,56,89,73,95,51,93,92,61,92,57,87,82,65,49,83,68,55,85,84,86,84,85,88,78,77,49,67,64,85,79,40,62,69,70,80,83,87,61,95,84,34,75,51,79,74,91,75,72,73,89,63,54,81,74,85,58,63,38,63,71,87,68,82,66,83,72,87,75,83,90,79,82,53,80,59,66,54,94,82,47,90,74,77,44,62,42,62,80,93,55,87,77,90,72,93,96,84,54,91,96,92,100,80,87,68,62,40,94,76,87,78,68,87,83,87,82,64,93,85,39,72,81,98,87,87,83,65,87,88,58,100,72,92,87,98,56,81,40,87,91,89,97,94,76,77,87,89,87,44,95,79,86,74,51,78,88,70,79,92,77,84,83,89,90,43,44,88,86,92,64,90,100,94,54,87,73
2020-03-08,74,80,53,74,78,81,49,84,75,88,89,61,85,82,75,53,67,60,63,74,68,85,68,63,75,77,65,51,60,66,80,68,35,51,60,77,67,67,71,66,73,68,36,64,49,77,66,82,72,59,90,74,60,83,68,59,89,63,59,37,59,55,79,57,72,81,82,60,62,67,84,80,55,78,49,71,51,80,47,79,77,52,61,70,70,43,60,47,54,79,85,57,84,74,90,61,84,92,76,100,85,95,90,86,88,91,62,56,40,90,85,85,85,61,84,82,87,79,63,85,82,38,72,81,87,77,91,81,68,92,88,55,92,61,87,89,85,55,76,99,84,88,88,95,88,75,79,85,89,85,42,91,73,87,72,47,76,85,71,69,82,74,75,78,93,85,40,44,83,80,84,62,84,97,87,47,88,72
2020-03-15,56,77,58,77,85,71,51,91,64,80,87,55,87,69,76,58,56,65,44,74,58,82,69,62,85,83,68,45,65,78,77,67,33,43,59,82,55,56,73,69,71,50,40,63,51,67,56,81,79,50,77,77,68,97,43,51,95,55,62,43,62,47,73,54,73,75,87,57,49,63,92,76,60,72,53,70,66,66,49,71,75,74,85,59,57,41,62,45,48,60,87,62,72,86,94,67,88,96,100,97,86,96,96,93,100,88,60,62,43,77,83,81,95,65,88,87,86,100,61,87,82,35,66,84,95,88,88,80,73,90,77,76,82,67,92,83,86,53,67,100,72,94,97,72,80,98,87,88,94,88,44,95,68,89,73,47,79,90,74,87,88,76,83,82,89,84,42,47,85,84,86,76,89,46,99,54,85,73
2020-03-22,49,76,73,88,89,62,62,97,55,79,88,52,82,75,73,49,51,77,34,67,60,68,64,52,84,85,80,49,51,100,76,70,44,39,59,96,53,51,78,73,57,44,43,62,62,74,53,80,76,51,88,88,72,94,41,48,94,90,64,51,64,36,73,56,78,55,90,56,52,61,98,64,65,64,49,82,74,44,48,66,86,94,73,56,57,43,67,39,46,40,92,37,55,88,88,63,84,87,91,76,83,96,98,96,87,81,62,61,41,76,74,80,95,89,85,82,70,97,52,92,79,32,49,83,93,91,81,72,88,82,73,60,76,63,88,74,80,61,55,74,55,91,92,63,74,91,71,82,96,82,66,88,65,84,65,45,75,84,70,76,91,77,76,81,96,90,45,53,75,82,87,82,80,41,89,53,80,69
2020-03-29,49,72,65,80,84,63,62,98,57,81,81,56,76,72,65,59,55,81,34,58,70,63,66,55,85,89,80,58,65,82,72,68,37,39,66,97,60,55,76,63,56,51,37,65,62,72,51,81,69,49,79,80,69,93,44,55,92,47,67,48,67,42,75,69,77,55,85,60,47,66,81,69,71,59,52,87,74,35,50,67,78,100,79,50,60,46,71,44,50,28,88,42,56,86,71,53,82,66,94,64,61,86,73,73,87,65,74,58,42,81,60,72,94,100,67,80,62,92,54,88,79,33,31,100,97,66,65,79,83,60,58,58,68,53,70,64,75,74,35,82,56,92,81,62,66,79,79,73,92,73,100,68,51,79,61,44,68,68,63,63,78,66,63,77,93,72,42,100,66,79,82,70,64,41,88,45,69,57
2020-04-05,50,71,60,66,83,69,58,94,60,68,85,43,80,72,57,76,61,85,38,61,71,69,71,58,84,68,89,65,60,90,71,76,53,43,77,100,60,61,74,58,67,63,29,75,58,56,51,77,65,49,78,66,72,100,42,65,85,34,73,53,73,48,89,84,79,57,80,65,56,73,84,74,83,62,61,66,69,34,54,68,80,93,77,52,66,47,84,45,60,28,89,40,60,100,85,66,99,76,99,67,68,86,82,77,78,72,74,56,44,79,63,94,96,75,61,95,95,89,82,89,90,37,34,85,91,76,72,81,78,66,67,100,78,66,73,63,85,100,40,67,60,100,93,71,70,67,85,88,99,88,50,87,59,92,74,45,81,70,75,82,83,79,64,68,90,89,37,51,76,77,90,64,58,50,89,46,77,67
2020-04-12,43,62,52,63,74,66,54,83,57,45,74,45,70,61,41,56,57,100,27,47,59,62,63,58,72,54,90,50,55,81,62,59,48,37,80,97,53,57,71,49,53,65,22,69,54,44,47,70,55,41,69,63,65,70,38,60,80,50,70,47,70,49,79,72,89,57,74,59,52,65,70,63,71,58,55,54,63,25,50,52,75,80,71,54,64,47,92,42,56,25,88,40,56,91,83,71,93,76,85,58,67,88,85,82,94,70,81,57,47,74,77,100,94,66,58,95,100,93,90,88,84,39,37,88,93,80,70,77,76,76,66,93,75,71,70,60,84,92,38,52,56,100,94,68,71,78,76,89,92,89,40,92,68,88,68,43,83,71,78,87,85,78,65,75,96,86,37,58,75,90,84,66,55,50,89,50,82,69
2020-04-19,50,73,59,76,77,73,71,91,65,52,73,41,74,59,45,54,73,73,34,59,69,72,75,65,82,52,87,58,58,89,73,71,40,45,78,86,97,73,72,56,61,74,40,76,71,49,54,72,60,48,87,76,74,79,43,70,83,56,75,51,75,48,89,81,95,57,74,72,62,76,78,83,83,63,61,71,63,33,59,59,66,88,80,46,65,40,89,44,61,27,85,38,54,92,84,72,94,75,81,60,68,91,86,80,84,76,70,57,42,73,100,97,100,63,59,100,100,96,93,85,84,38,33,89,95,73,76,79,70,72,71,89,81,72,71,62,83,84,39,88,54,95,96,68,73,74,91,90,97,90,39,95,68,95,71,47,87,73,81,80,87,77,64,77,100,77,36,57,73,85,93,84,54,52,88,52,80,72
2020-04-26,54,77,56,71,88,77,57,96,69,50,77,48,77,61,48,56,77,77,40,58,65,70,78,62,90,60,95,64,52,98,77,82,50,46,85,94,81,77,72,74,70,73,66,77,57,54,54,88,64,57,100,71,73,79,44,68,81,40,71,55,71,51,93,87,78,71,78,86,58,83,70,87,100,67,62,75,63,33,71,68,75,76,74,59,70,54,91,45,68,24,80,37,49,84,80,68,84,74,82,50,64,78,73,61,68,77,70,50,27,71,74,96,68,53,51,97,86,85,99,80,81,39,31,86,94,70,77,77,82,60,75,72,79,68,63,61,75,69,35,45,49,89,88,63,71,70,85,81,89,81,34,86,67,96,69,46,88,63,82,68,83,76,62,67,68,66,36,47,64,86,90,58,56,56,88,52,81,76
2020-05-03,58,82,53,70,91,83,59,100,78,72,83,51,82,70,61,73,82,80,46,65,64,79,87,64,94,65,100,62,48,99,82,84,52,45,89,89,85,82,81,64,70,78,69,79,59,61,58,82,71,58,78,70,77,85,45,74,85,47,76,56,76,56,95,81,93,65,84,95,67,89,74,96,95,72,60,89,76,35,77,82,78,77,91,52,91,53,86,49,75,22,70,37,40,74,78,62,76,73,61,43,63,72,68,52,66,72,67,43,25,65,62,91,67,51,52,99,64,70,91,70,76,37,29,86,82,58,72,78,62,61,80,52,75,62,62,59,71,59,32,37,40,83,86,59,70,66,67,76,85,76,31,85,68,100,72,45,85,61,82,57,79,79,59,76,66,57,38,48,61,75,84,59,50,52,82,47,76,69
2020-05-10,58,76,48,67,85,83,45,93,76,57,81,58,79,65,49,62,78,70,52,60,66,71,81,79,85,58,91,65,49,100,76,83,55,45,86,83,76,78,71,62,80,79,60,77,45,58,58,79,70,58,74,67,71,79,46,73,80,40,68,50,68,62,97,86,72,67,78,91,66,85,74,95,78,74,62,88,78,43,72,75,80,66,70,55,75,48,82,46,71,25,81,42,43,83,83,69,82,77,78,51,75,80,82,74,67,79,67,71,28,68,70,94,72,53,63,100,88,79,97,81,81,38,31,90,86,70,79,79,73,77,82,74,80,69,70,62,77,75,39,37,43,89,96,68,75,69,68,81,85,81,36,92,67,100,73,44,91,71,85,66,84,78,66,70,69,73,33,50,72,81,92,54,59,50,84,55,80,76
2020-05-17,54,81,50,68,86,89,48,92,83,72,79,65,82,70,61,56,89,72,51,76,73,75,86,72,90,69,90,59,50,97,81,81,53,55,83,78,75,89,82,63,88,80,59,78,48,67,62,83,85,64,70,68,69,71,47,73,78,58,71,48,71,55,96,80,79,85,78,88,66,87,74,89,82,73,61,84,68,37,68,84,65,62,71,57,72,56,82,48,73,23,84,43,44,83,89,78,90,85,78,51,78,86,82,70,75,83,68,66,29,69,80,100,79,56,64,100,84,77,100,84,82,40,33,97,88,75,83,83,62,80,78,78,82,78,74,61,80,71,45,40,44,90,98,66,76,66,84,87,93,87,34,96,73,99,77,46,97,71,90,65,90,89,72,81,79,74,40,55,75,89,87,80,62,55,88,61,85,93
2020-05-24,55,90,56,80,89,95,63,95,90,71,82,57,82,76,67,67,95,76,62,76,73,79,92,78,91,65,90,66,55,90,90,84,50,58,84,77,83,95,79,65,96,85,59,80,63,71,65,87,88,67,92,80,73,75,48,73,84,35,73,50,73,68,96,84,80,87,81,100,71,94,79,94,96,76,62,97,68,41,73,86,80,65,86,69,73,57,79,48,77,22,81,35,40,84,92,71,87,89,84,48,84,81,80,69,79,84,66,57,27,70,76,95,74,54,65,94,67,80,91,81,82,38,34,98,84,75,84,85,60,77,86,62,86,71,74,64,82,71,44,36,40,89,100,66,82,66,72,85,91,85,34,100,77,90,76,48,95,74,89,67,92,91,72,80,77,71,37,55,75,91,85,68,67,55,88,61,83,86
2020-05-31,56,93,51,78,79,92,49,83,86,71,80,62,81,77,72,58,93,71,62,76,77,76,76,83,86,62,82,63,47,81,93,74,52,62,79,75,85,93,80,60,89,79,54,75,49,70,69,81,88,67,80,78,67,63,49,71,78,57,69,43,69,67,89,86,73,69,76,89,66,82,70,94,93,73,63,100,63,36,68,75,89,61,60,64,70,54,76,45,68,24,83,34,39,80,94,76,81,91,72,52,86,82,79,73,70,88,64,50,26,73,74,94,67,52,68,86,63,73,78,83,79,39,30,92,94,82,88,88,60,79,89,46,86,76,75,67,80,71,50,38,39,88,100,65,80,65,75,82,90,82,38,97,77,88,78,46,94,79,89,63,93,93,74,70,80,75,34,54,75,92,81,59,71,54,87,62,85,88
2020-06-07,62,83,51,84,79,95,42,81,89,51,81,59,84,76,72,63,98,69,64,75,74,78,75,94,88,63,81,63,51,79,83,75,48,70,78,74,83,98,83,60,91,88,50,78,42,69,74,86,88,72,74,84,65,61,49,74,78,100,71,43,71,74,96,100,75,78,80,84,78,83,75,97,82,75,64,95,76,40,70,80,62,65,88,55,70,57,76,46,65,24,75,37,33,72,96,63,71,91,68,45,82,75,74,64,70,81,59,52,27,72,64,89,60,52,64,81,58,65,75,75,71,39,36,94,91,69,81,82,55,76,91,39,84,63,71,73,76,67,57,36,33,80,92,62,79,57,70,80,81,80,30,89,80,85,77,49,95,69,92,50,86,93,74,67,65,88,35,55,68,71,75,59,72,57,83,61,84,76
2020-06-14,66,88,47,75,83,94,45,90,91,89,89,64,91,74,64,67,99,71,73,81,79,79,79,94,93,65,74,67,52,65,88,77,46,73,78,72,100,99,84,68,93,88,49,81,45,76,77,89,96,75,73,75,67,65,59,76,78,73,72,43,72,72,95,92,71,85,83,87,78,86,77,96,74,87,66,89,80,57,69,87,86,58,64,84,67,56,81,49,70,26,79,32,36,73,98,69,74,94,70,47,89,83,83,73,61,87,61,54,24,77,77,90,66,51,77,83,59,70,64,79,76,38,42,93,81,74,87,88,59,86,86,44,82,69,80,80,81,79,62,40,36,82,95,71,80,60,77,81,86,81,31,96,81,87,85,47,96,75,94,59,91,94,79,85,71,80,36,54,72,78,80,65,79,51,84,65,85,77
2020-06-21,70,89,50,74,80,94,40,82,93,67,88,74,89,78,74,65,94,70,74,86,74,77,77,78,94,75,68,65,47,65,89,71,46,82,79,69,87,94,84,63,93,89,52,76,40,69,83,87,90,75,72,74,67,60,63,75,75,65,69,40,69,66,95,91,75,84,83,78,83,81,73,92,76,82,68,79,81,51,68,91,88,59,84,71,70,56,71,48,68,32,79,33,38,72,95,68,71,95,64,45,91,84,80,73,73,89,63,63,27,81,84,91,66,52,76,83,59,77,63,79,76,36,46,92,80,79,89,89,69,87,82,44,84,68,78,88,80,79,68,37,38,80,91,76,83,55,66,80,86,80,31,97,82,88,90,51,95,75,91,53,90,100,81,81,75,77,40,54,70,74,77,51,81,52,86,64,84,81
2020-06-28,75,85,46,65,79,92,40,74,86,69,88,61,88,82,81,55,98,68,91,86,78,78,71,86,87,66,69,72,45,63,85,71,39,100,82,77,82,98,80,61,86,89,45,76,40,67,87,84,86,79,66,65,63,61,64,71,71,72,67,39,67,70,94,94,69,90,77,80,98,83,74,88,63,82,69,100,74,52,66,86,93,53,61,81,63,61,72,51,62,31,78,32,37,74,95,67,67,97,70,46,89,82,85,69,61,88,64,62,23,89,75,86,64,51,80,82,62,65,62,78,73,37,46,95,86,70,88,100,61,85,82,43,83,67,80,93,75,78,74,38,37,80,90,75,82,57,73,78,86,78,30,90,79,83,87,49,94,71,89,52,91,96,80,75,65,80,42,53,68,75,75,55,88,50,86,59,89,86
2020-07-05,72,88,47,63,82,93,38,79,89,82,88,63,87,89,100,64,97,65,81,100,75,73,84,78,98,67,77,80,47,64,88,72,41,99,77,71,80,97,83,60,89,81,51,74,38,65,89,82,91,83,64,63,61,59,65,71,74,62,68,37,68,62,92,87,76,77,79,75,94,80,76,84,64,79,74,86,67,54,64,94,88,56,75,70,61,73,67,47,60,34,77,34,36,73,96,67,71,94,76,45,93,80,87,66,52,89,66,60,21,86,72,82,56,51,81,77,56,75,62,77,75,37,48,95,87,76,89,92,56,95,80,40,79,67,80,98,74,79,81,37,36,79,90,80,80,56,63,77,85,77,32,93,81,82,90,50,100,75,100,50,95,88,84,86,76,69,41,59,100,79,79,51,91,49,87,63,88,84
2020-07-12,70,85,44,67,80,95,40,77,93,72,87,78,92,82,83,61,92,66,83,90,81,82,78,90,90,68,63,75,50,58,85,74,42,96,73,71,71,92,98,61,95,83,42,75,40,66,88,85,91,84,69,67,62,61,67,74,75,67,67,41,67,67,91,85,77,100,77,75,78,80,75,91,60,79,86,96,68,50,59,88,90,59,76,77,62,58,71,49,62,37,77,33,34,74,97,67,71,99,67,46,96,83,84,68,66,91,65,62,22,91,72,87,58,52,83,79,57,65,59,77,71,37,52,92,81,78,91,97,59,93,84,42,82,67,79,99,77,80,84,36,34,80,84,74,84,60,63,80,84,80,35,95,81,78,95,54,95,74,93,48,95,91,85,86,62,76,44,57,72,81,78,68,100,47,86,61,90,88
2020-07-19,68,85,47,66,76,98,40,78,92,70,90,73,97,80,79,65,96,66,100,86,83,84,78,96,89,71,67,100,47,60,85,74,42,97,76,69,83,96,100,59,95,78,43,76,40,69,88,87,93,88,72,66,64,61,65,72,80,64,68,40,68,67,90,75,78,84,77,76,74,81,72,88,67,77,100,87,69,46,62,86,90,57,50,74,63,64,67,48,70,36,79,35,38,71,99,75,73,100,80,45,97,81,83,71,61,92,68,62,21,88,72,86,60,51,82,79,52,70,66,79,74,36,59,88,80,81,92,98,55,92,82,45,82,75,81,97,77,78,84,36,38,82,84,78,83,60,66,81,84,81,32,91,75,81,97,52,88,74,86,46,95,93,81,89,67,79,47,52,71,70,79,49,92,50,89,57,90,86
2020-07-26,69,83,50,61,73,93,42,77,92,58,85,76,90,90,76,57,95,67,66,86,86,81,77,90,85,65,62,81,52,63,83,66,40,94,78,71,77,95,83,59,92,81,38,75,42,68,91,88,84,86,77,61,60,62,64,70,83,59,67,39,67,72,90,79,73,94,77,74,73,81,82,87,72,74,76,95,68,45,63,91,86,58,73,93,62,61,66,48,67,39,77,33,37,73,100,70,71,98,74,49,100,81,85,69,56,94,71,64,22,87,72,82,53,51,81,76,58,70,61,77,77,42,64,90,83,80,94,96,55,92,82,49,83,70,84,100,75,76,93,37,37,82,85,69,81,61,56,80,87,80,33,87,75,82,100,53,86,73,81,46,99,90,83,89,67,60,52,51,72,71,77,66,97,49,86,56,84,84
2020-08-02,71,84,51,66,72,91,40,73,88,60,82,63,78,90,78,59,96,65,45,86,82,72,78,86,78,65,61,60,53,73,84,65,43,98,73,70,79,96,78,59,82,76,29,72,40,66,96,81,90,92,77,66,60,59,67,69,78,55,69,37,69,70,89,77,75,89,76,74,71,78,70,85,59,70,58,86,65,45,62,78,83,58,67,87,61,54,63,46,65,41,80,30,38,70,95,71,68,97,71,49,95,86,81,75,55,94,70,62,24,86,83,85,61,52,83,78,58,69,57,80,71,40,59,86,77,73,94,93,53,90,81,50,81,71,79,95,75,79,87,37,38,78,85,73,80,59,71,77,82,77,39,85,76,79,80,52,85,68,81,49,93,87,84,100,56,67,59,50,69,71,76,75,95,48,88,53,85,85
2020-08-09,66,82,50,65,73,92,39,73,91,44,84,64,81,77,71,46,97,67,50,92,83,77,77,86,75,63,59,52,55,64,82,68,40,89,74,75,70,97,81,57,91,88,26,75,39,65,90,82,90,100,55,65,59,58,69,72,74,52,65,39,65,87,87,82,67,98,78,76,74,79,67,82,58,70,50,92,64,47,57,74,75,56,60,82,62,53,65,49,69,44,78,31,39,71,93,72,67,97,76,45,91,81,78,73,54,92,72,64,22,88,70,81,61,49,83,78,56,64,57,78,69,43,61,85,84,77,92,97,60,91,85,50,78,72,82,89,71,76,87,36,39,79,79,82,80,62,62,78,85,78,37,83,74,81,77,50,84,79,80,51,94,87,81,81,71,68,59,48,71,67,69,54,92,46,87,52,86,84
2020-08-16,64,82,49,63,70,94,35,72,93,43,85,73,82,82,70,60,100,67,50,88,83,80,79,85,80,57,60,54,50,70,82,62,41,86,74,67,81,100,76,57,97,82,28,73,35,61,86,86,91,92,79,63,60,59,69,71,74,63,65,40,65,73,89,71,69,94,79,72,72,79,71,84,62,71,52,89,64,43,59,76,92,53,65,89,62,53,66,50,69,44,80,32,41,72,91,80,70,96,66,47,88,79,81,71,49,94,73,69,21,87,71,81,58,50,84,78,59,68,57,80,69,43,57,84,82,67,94,97,57,84,88,59,81,80,81,90,73,73,88,34,41,78,81,81,84,60,63,80,85,80,37,85,68,82,77,50,87,71,86,58,95,85,86,76,58,75,78,50,70,69,77,51,89,47,87,53,83,84
2020-08-23,64,82,54,82,69,90,41,76,89,66,79,68,78,74,68,56,97,67,56,93,84,77,80,81,80,60,57,53,54,62,82,62,40,81,73,67,83,97,88,56,83,80,30,72,41,61,86,84,87,84,69,82,60,58,73,71,76,59,65,37,65,71,89,74,72,85,77,75,69,80,76,83,67,70,53,90,59,44,59,77,97,54,82,75,57,52,64,48,71,43,78,32,51,74,91,86,70,97,76,47,92,84,80,75,51,96,71,96,22,87,65,80,59,51,88,79,57,70,66,78,72,42,56,84,79,74,96,92,52,89,91,75,79,86,87,87,73,72,85,35,51,77,83,81,84,62,76,82,84,82,35,79,65,81,73,51,82,74,77,54,91,77,87,85,61,72,76,47,71,67,79,73,88,46,89,53,86,85
2020-08-30,68,81,69,79,75,89,39,74,88,56,80,59,81,69,59,51,94,66,62,86,79,75,79,71,73,62,57,59,54,59,81,64,37,77,71,68,67,94,84,58,84,87,37,72,39,63,80,80,80,75,71,79,60,56,69,73,72,63,62,40,62,65,88,66,65,77,76,75,73,79,75,85,61,69,53,93,68,43,56,85,81,52,80,79,59,56,64,45,67,47,83,30,53,74,87,87,76,91,84,46,91,78,81,77,56,89,66,100,23,84,62,80,54,51,85,78,64,67,53,83,77,46,52,76,79,73,89,92,52,87,87,77,78,87,84,80,81,75,77,31,53,78,82,73,78,60,60,79,86,79,36,80,60,85,70,48,77,74,74,56,88,79,83,71,67,76,45,46,71,73,87,51,79,49,86,52,82,79
2020-09-06,71,81,69,72,77,90,46,73,94,100,85,58,83,73,71,66,96,65,65,86,82,71,77,88,82,64,57,60,61,63,81,66,38,65,68,66,75,96,77,57,84,89,46,72,46,65,72,85,77,73,61,72,60,62,71,75,75,53,65,40,65,73,83,66,70,87,77,75,69,78,78,87,75,72,51,79,59,45,59,90,81,52,84,94,61,54,60,46,72,53,86,33,61,76,91,87,88,97,78,48,98,84,86,82,54,93,69,99,27,80,67,93,65,56,89,79,85,68,71,86,91,48,52,86,82,75,93,88,57,92,90,70,80,87,89,82,82,80,80,35,61,85,86,69,82,66,80,82,88,82,54,86,64,82,71,50,84,81,80,62,92,80,80,73,66,79,42,49,73,74,81,52,81,45,89,57,85,83
2020-09-13,70,82,59,66,81,87,53,73,86,63,84,61,83,71,63,58,88,66,69,86,74,68,76,87,77,65,54,58,55,59,82,81,38,54,68,64,79,88,78,55,91,88,59,70,53,63,66,81,76,70,61,66,63,55,78,71,75,59,62,43,62,66,82,60,68,79,80,70,65,75,77,85,60,78,48,93,57,40,58,84,80,46,73,71,59,48,65,46,65,55,83,32,61,72,91,85,88,93,88,46,94,82,82,76,58,91,68,74,24,81,69,88,63,52,87,80,92,67,73,83,87,42,47,82,77,77,91,88,55,93,85,65,78,85,87,78,82,80,74,34,61,83,83,78,84,67,67,83,85,83,45,85,62,85,77,48,83,75,82,66,86,76,80,78,67,78,40,48,70,76,77,63,77,43,87,55,83,81
2020-09-20,70,82,60,64,83,86,51,75,86,75,84,65,85,71,66,66,84,67,58,88,75,77,78,74,84,65,57,54,61,75,82,78,38,53,70,67,77,84,76,55,85,88,67,71,51,62,65,82,77,63,75,64,64,54,76,73,77,81,63,45,63,63,84,61,66,72,82,72,57,78,84,84,63,71,50,96,54,39,59,88,70,49,86,74,57,48,61,47,73,53,84,31,64,72,87,77,86,92,81,50,97,83,86,81,61,91,64,78,27,81,71,90,70,55,88,79,91,74,77,84,86,42,48,84,78,74,91,88,56,89,80,63,78,77,89,74,82,86,76,32,64,81,82,77,84,70,68,82,81,82,35,85,65,83,71,47,82,81,81,63,87,79,78,70,76,82,45,49,73,76,76,69,75,46,84,56,80,80
2020-09-27,68,96,64,69,84,91,93,76,92,64,85,61,88,72,68,45,86,69,70,84,76,78,82,75,82,67,67,62,69,73,96,77,37,63,71,65,72,86,78,63,87,99,69,74,93,64,70,94,100,76,57,69,65,57,86,77,78,81,63,45,63,63,89,57,69,74,81,71,59,77,83,85,55,71,49,86,62,38,59,96,86,54,81,65,57,75,64,49,75,49,82,30,59,78,88,79,81,89,79,53,97,83,83,88,56,89,63,74,26,78,65,87,71,53,88,76,87,73,73,82,86,43,46,81,77,72,89,91,58,86,81,65,80,79,88,73,79,82,70,36,59,81,84,79,78,70,75,80,82,80,38,85,62,82,74,47,80,74,79,60,89,77,78,69,72,80,40,47,71,76,74,69,76,51,83,56,81,82
2020-10-04,67,84,67,69,85,93,50,84,93,74,85,69,85,83,74,49,87,75,62,95,93,75,81,83,85,64,65,58,70,70,84,82,38,55,76,78,82,87,87,63,82,93,58,74,50,70,66,88,86,69,69,69,67,59,78,75,82,51,66,46,66,63,91,58,75,73,84,76,60,83,87,87,67,73,56,80,65,39,64,95,74,54,69,66,61,55,61,53,80,49,83,30,65,75,90,76,80,91,87,49,98,83,86,77,68,90,62,69,26,80,68,86,63,56,91,76,86,79,66,83,86,42,45,82,81,74,90,86,60,80,77,61,79,76,91,72,78,82,77,33,65,81,83,74,84,75,82,77,84,77,37,88,66,85,69,48,80,79,77,60,89,81,79,69,73,73,34,46,72,73,76,58,73,48,84,56,83,87
2020-10-11,62,86,61,67,91,95,52,80,93,74,85,60,87,77,68,67,81,74,54,82,100,79,91,79,87,65,65,55,81,87,86,100,42,52,78,76,81,81,92,61,83,84,60,77,52,67,66,85,83,65,76,67,68,60,69,75,85,80,69,50,69,67,93,66,79,78,82,81,61,86,80,85,62,74,72,88,65,37,64,94,85,57,61,70,59,55,67,56,80,48,89,32,63,78,91,80,76,94,89,48,97,87,88,88,67,93,64,64,28,83,73,92,76,55,94,80,94,81,69,89,89,40,42,85,82,83,93,88,58,80,87,63,80,80,94,70,83,78,68,33,63,83,86,75,86,84,72,83,84,83,36,85,69,87,68,47,82,79,78,69,90,79,76,69,83,72,36,48,75,76,82,56,69,46,88,59,83,88
2020-10-18,61,83,61,65,87,94,51,83,91,77,82,72,84,82,65,62,74,75,51,79,90,82,89,75,82,72,61,58,78,79,83,83,39,52,76,68,83,74,80,59,79,76,65,71,51,71,64,88,76,67,70,65,67,60,71,72,84,83,68,47,68,60,93,66,73,65,85,80,50,86,79,79,62,68,69,86,64,31,65,88,69,56,72,67,60,50,65,55,76,49,90,31,66,78,93,82,74,92,82,47,94,88,92,84,66,92,67,65,31,99,74,85,75,57,95,79,95,88,65,90,85,43,43,87,80,77,92,81,58,81,93,66,81,82,97,66,82,77,63,35,66,82,88,89,91,95,65,83,84,83,34,89,67,87,71,47,81,75,81,76,93,73,76,73,79,92,34,48,74,77,82,49,70,46,90,59,85,91
2020-10-25,60,89,62,69,90,97,55,81,94,72,83,62,86,77,69,65,80,75,59,75,85,85,83,71,84,73,74,56,85,80,89,84,40,53,84,67,80,80,85,60,83,74,62,78,55,72,65,91,80,65,77,69,73,62,74,77,91,54,73,54,73,75,98,60,89,63,87,86,53,89,82,86,62,70,63,85,65,33,67,95,78,68,77,64,65,55,71,62,89,53,88,32,64,77,89,86,69,90,90,49,91,85,85,83,71,90,68,61,28,89,74,82,76,56,93,77,70,82,65,88,88,44,39,84,83,86,90,84,55,81,86,53,82,86,97,66,81,79,62,35,64,81,85,89,88,100,67,81,84,81,40,86,69,80,67,46,79,74,77,71,91,75,76,77,76,83,34,48,76,77,80,61,68,47,92,58,86,91
2020-11-01,57,86,56,63,86,88,84,76,83,52,78,54,80,80,65,57,67,67,45,68,66,80,84,72,83,63,68,55,81,87,86,79,37,47,76,73,68,67,78,100,75,70,73,74,84,64,59,84,71,58,79,63,70,59,66,68,86,55,70,54,70,66,91,70,80,70,80,86,47,86,74,79,61,67,53,84,63,33,65,79,70,61,90,66,62,47,65,60,77,45,80,31,64,71,80,83,59,82,71,49,81,79,77,73,60,95,62,62,27,75,67,77,65,52,80,73,62,77,56,80,83,43,35,80,79,65,95,77,57,77,80,45,78,83,86,61,75,66,53,35,64,75,78,77,83,86,42,78,79,78,33,75,66,77,64,42,76,73,72,67,80,66,67,63,67,67,32,45,65,68,74,59,61,47,83,50,81,88
2020-11-08,61,90,60,77,100,97,71,87,98,60,87,56,89,75,66,70,79,77,49,79,70,96,95,65,95,75,73,54,91,84,90,87,43,51,100,81,93,79,82,73,89,90,100,100,71,70,64,92,83,70,73,77,100,67,64,87,95,72,100,100,100,81,97,76,93,74,86,91,51,91,100,87,69,72,63,92,65,34,81,88,80,68,83,60,71,47,71,100,100,43,89,36,68,80,86,91,72,86,80,52,88,86,86,91,72,93,63,70,33,78,71,82,71,58,89,79,83,86,70,89,91,41,37,87,85,79,93,84,63,80,93,63,88,91,96,64,83,70,55,34,68,84,87,77,92,91,79,91,90,91,41,87,72,84,66,45,82,85,80,100,90,77,75,73,94,86,44,51,73,83,78,58,72,51,88,58,86,94
2020-11-15,64,94,67,76,99,97,70,93,96,68,86,63,92,85,71,78,79,81,43,78,72,97,100,81,94,85,86,71,90,79,94,91,58,55,97,88,77,79,90,73,78,84,91,89,70,78,64,90,92,67,81,76,88,73,67,87,100,67,88,70,88,69,100,78,95,75,90,98,54,100,99,85,73,77,58,88,66,36,91,98,88,72,100,51,75,52,100,77,99,40,88,34,79,79,92,90,74,91,84,49,89,87,85,75,63,93,65,65,35,79,69,83,80,58,86,79,93,89,62,88,100,49,36,89,80,88,93,75,60,81,100,63,89,90,93,71,86,72,71,35,79,86,86,80,94,87,82,93,90,93,38,91,73,86,67,47,87,88,85,79,90,72,78,77,95,68,33,52,74,89,77,66,71,55,90,66,88,96
2020-11-22,60,89,71,76,93,92,69,87,93,58,84,63,85,76,69,69,76,74,42,80,67,85,87,64,91,74,77,55,95,81,89,86,51,51,87,82,79,76,81,63,82,77,84,85,69,74,62,85,78,64,74,76,78,64,74,82,95,87,82,58,82,72,94,76,82,76,83,88,53,91,94,85,80,73,57,82,77,34,84,82,82,68,85,63,75,53,86,70,92,38,89,33,62,76,83,90,68,84,80,49,87,82,84,68,63,87,62,62,27,74,67,84,75,55,83,79,87,79,63,89,92,50,38,87,86,82,87,78,59,77,95,62,88,90,88,70,85,66,56,37,62,82,82,86,94,81,85,91,89,91,44,90,63,79,67,47,79,84,77,88,91,70,77,72,69,86,32,47,73,83,78,56,67,59,94,66,94,98
2020-11-29,60,88,68,69,83,92,67,78,93,42,77,61,79,70,58,51,77,73,40,67,72,78,83,62,80,72,67,55,99,72,88,77,45,52,86,94,85,77,86,57,78,76,61,84,67,65,67,92,74,68,57,69,73,57,69,85,91,77,80,54,80,85,96,79,87,55,80,79,55,86,76,79,64,66,47,84,63,35,80,71,69,73,76,60,70,43,84,68,89,37,91,31,58,74,82,96,70,85,79,49,83,83,86,71,67,82,63,60,28,73,67,79,85,55,80,78,88,76,63,91,88,55,36,83,84,86,82,75,57,79,81,61,84,96,88,74,82,65,53,36,58,82,82,88,87,81,75,84,89,84,39,84,64,77,68,47,77,86,77,78,89,71,77,68,72,80,32,46,70,88,76,45,69,62,91,69,87,96
2020-12-06,65,99,68,71,95,93,98,85,94,67,87,54,87,84,63,68,79,74,47,86,72,82,80,84,95,70,77,62,100,82,99,83,45,55,88,92,78,79,86,70,80,75,83,93,98,71,70,100,78,67,79,71,81,59,73,100,88,73,84,58,84,82,98,69,93,67,86,78,57,83,86,86,72,75,58,78,74,36,77,87,87,72,80,67,79,50,99,67,91,39,87,37,60,78,82,98,72,85,79,50,84,83,87,72,48,82,63,62,28,75,63,76,75,54,81,80,93,81,62,87,86,65,35,87,91,82,82,77,59,73,78,61,91,98,89,78,88,62,50,38,60,84,86,88,93,81,88,90,90,90,41,89,70,77,68,50,85,82,84,91,94,72,82,70,67,76,35,50,67,91,79,60,71,64,94,75,94,98
2020-12-13,62,100,65,72,93,94,100,82,94,65,90,59,89,75,61,69,78,81,39,84,78,91,83,78,93,72,69,60,82,75,100,86,39,51,92,92,95,78,88,62,76,73,76,91,100,65,66,100,72,61,70,72,80,57,74,94,88,58,88,59,88,97,98,71,80,59,93,76,58,83,79,88,58,76,54,85,75,39,100,86,83,70,73,73,79,44,96,72,90,39,89,33,62,79,80,95,73,82,82,51,84,84,86,80,64,83,65,62,29,77,59,83,69,60,79,77,92,89,73,89,88,70,36,88,94,95,83,80,62,77,77,60,92,95,87,82,88,61,51,38,62,87,84,83,95,80,60,92,91,92,48,85,75,79,70,55,76,87,77,90,92,71,88,77,72,87,36,47,67,92,83,65,71,65,95,81,88,100
2020-12-20,57,78,65,69,80,85,65,60,87,36,76,58,80,62,48,56,66,99,31,66,66,81,67,62,74,54,59,60,75,57,78,69,35,48,74,95,92,66,83,52,68,68,38,86,65,51,63,89,69,55,48,69,71,52,64,83,86,75,85,53,85,94,85,74,95,54,94,62,48,73,72,75,44,65,47,80,53,41,56,62,66,75,59,64,100,41,87,60,73,42,95,34,63,83,85,100,73,87,78,54,87,85,91,71,73,79,75,64,31,90,62,82,79,60,81,83,86,84,73,95,90,84,37,86,98,79,79,92,64,77,78,64,100,100,89,87,96,65,56,38,63,93,88,78,100,83,76,100,100,100,48,88,81,84,73,70,78,93,76,85,100,73,100,79,90,90,36,46,67,89,87,79,81,78,100,100,100,97
2020-12-27,59,77,69,74,71,88,43,57,90,31,74,77,81,62,48,61,77,95,26,66,76,91,75,48,72,59,80,67,63,54,77,66,100,65,76,83,80,77,85,50,72,62,24,82,43,56,71,79,65,70,57,74,67,52,58,76,94,58,79,47,79,100,85,71,93,69,100,61,60,70,80,74,57,58,46,64,100,42,55,53,57,86,65,65,83,44,56,61,76,52,75,40,60,71,72,71,40,76,45,39,61,60,66,52,50,66,100,59,21,89,44,56,49,48,54,86,53,71,59,75,75,100,36,72,92,58,66,94,47,53,65,32,88,71,65,85,68,38,51,35,60,77,65,71,83,65,64,89,85,89,58,59,67,70,77,100,58,73,56,61,75,57,77,59,54,65,36,35,43,62,71,40,72,83,97,72,91,75
