date,Events & Listings,Business Services,Entertainment Industry,Performing Arts,Internet & Telecom,Autos & Vehicles,Office Supplies,Programming,Vehicle Brands,Bankruptcy,Finance,Vehicle Licensing & Registration,Credit & Lending,Insurance,Health Insurance,Commercial Lending,Real Estate,Food & Drink,College Financing,Legal Services,Restaurants,Home Financing,Architecture,Auto Financing,Advertising & Marketing,Hospitals & Treatment Centers,Agriculture & Forestry,Veterinarians,Emergency Services,Forestry,Business Services,Mental Health,Aquaculture,Travel Agencies & Services,Home & Garden,Grocery & Food Retailers,Fire & Security Services,Real Estate,Tobacco Products,Government,Real Estate Agencies,Footwear,Education,Shopping,Office Supplies,Medical Facilities & Services,Travel,Printing & Publishing,Social Services,Hotels & Accommodations,Fuel Economy & Gas Prices,Performing Arts,Computers & Electronics,Chemicals Industry,Sports,Apparel,Pharmacy,Professional & Trade Associations,Consumer Electronics,Computer Hardware,Consumer Electronics,Luxury Goods,Industrial Materials & Equipment,Unwanted Body & Facial Hair Removal,Agricultural Equipment,Boats & Watercraft,Alcoholic Beverages,Construction & Maintenance,Retail Trade,Building Materials & Supplies,Pharmaceuticals & Biotech,Freight & Trucking,Civil Engineering,Transportation & Logistics,Maritime Transport,Construction Consulting & Contracting,Distribution & Logistics,Aviation,Home Improvement,Jobs,Import & Export,Entertainment Media,Developer Jobs,Rail Transport,Gifts & Special Event Items,Food Production,Mail & Package Delivery,Home Appliances,Home Furnishings,Events & Listings,Business Services,Entertainment Industry,Performing Arts,Internet & Telecom,Autos & Vehicles,Office Supplies,Programming,Vehicle Brands,Bankruptcy,Finance,Vehicle Licensing & Registration,Credit & Lending,Insurance,Health Insurance,Commercial Lending,Real Estate,Food & Drink,College Financing,Legal Services,Restaurants,Home Financing,Architecture,Auto Financing,Advertising & Marketing,Hospitals & Treatment Centers,Agriculture & Forestry,Veterinarians,Emergency Services,Forestry,Business Services,Mental Health,Aquaculture,Travel Agencies & Services,Home & Garden,Grocery & Food Retailers,Fire & Security Services,Real Estate,Tobacco Products,Government,Real Estate Agencies,Footwear,Education,Shopping,Office Supplies,Medical Facilities & Services,Travel,Printing & Publishing,Social Services,Hotels & Accommodations,Fuel Economy & Gas Prices,Performing Arts,Computers & Electronics,Chemicals Industry,Sports,Apparel,Pharmacy,Professional & Trade Associations,Consumer Electronics,Computer Hardware,Consumer Electronics,Luxury Goods,Industrial Materials & Equipment,Unwanted Body & Facial Hair Removal,Agricultural Equipment,Boats & Watercraft,Alcoholic Beverages,Construction & Maintenance,Retail Trade,Building Materials & Supplies,Pharmaceuticals & Biotech,Freight & Trucking,Civil Engineering,Transportation & Logistics,Maritime Transport,Construction Consulting & Contracting,Distribution & Logistics,Aviation,Home Improvement,Jobs,Import & Export,Entertainment Media,Developer Jobs,Rail Transport,Gifts & Special Event Items,Food Production,Mail & Package Delivery,Home Appliances,Home Furnishings
2020-01-05,81,92,75,79,91,88,81,78,92,97,100,80,98,100,100,43,77,65,46,91,72,99,84,35,92,61,54,80,91,88,92,77,75,94,76,35,79,77,61,66,78,94,65,79,81,97,83,100,71,83,74,79,90,63,79,87,82,61,80,79,80,59,93,61,61,24,69,88,79,84,63,79,80,100,71,95,87,88,78,96,79,73,97,100,51,63,61,71,91,85,94,100,100,78,82,77,92,92,80,84,85,69,76,97,72,82,68,69,78,69,68,91,99,66,62,70,73,59,78,94,93,54,100,67,25,97,82,66,63,83,66,79,67,77,86,100,100,83,97,86,100,87,56,79,68,72,98,62,81,62,4,85,63,82,45,48,70,92,66,29,91,51,88,66,51,84,99,72,100,79,81,100,86,46,84,45,69,74
2020-01-12,85,88,67,79,88,87,80,79,91,92,88,76,93,98,97,38,78,66,46,94,75,99,78,31,85,62,56,74,92,90,88,77,59,98,75,34,74,78,60,64,83,89,66,75,80,94,81,97,66,85,72,79,85,66,82,81,86,64,75,74,75,54,94,57,64,25,68,84,80,82,65,81,84,93,75,93,83,79,77,97,83,70,94,80,51,69,61,64,90,91,91,69,95,77,82,74,100,96,82,83,80,66,73,96,69,80,68,61,74,69,68,86,97,67,61,66,70,54,73,91,95,53,95,65,24,89,80,63,60,82,63,76,63,74,82,100,93,84,100,84,95,83,54,82,64,71,100,60,79,60,4,88,60,79,46,48,68,86,66,29,92,56,84,66,51,80,97,69,91,77,77,83,77,47,95,42,62,71
2020-01-19,84,87,61,80,85,84,79,79,88,78,82,77,90,95,96,43,80,66,48,91,75,94,69,33,82,62,56,77,89,79,87,76,59,95,72,31,74,80,57,63,81,75,66,67,79,93,82,89,59,86,71,80,79,63,80,71,86,62,68,70,68,48,93,57,62,25,66,87,75,85,60,83,87,88,74,92,84,78,79,95,89,66,88,81,48,67,57,59,83,86,92,61,88,75,80,75,92,91,77,80,76,65,74,93,67,82,65,59,68,71,67,85,95,66,58,62,67,51,81,92,94,55,82,62,25,90,82,59,56,81,60,71,61,75,81,92,89,80,94,83,88,80,55,86,63,69,98,54,74,54,4,86,56,77,50,49,70,83,63,29,86,56,82,67,51,75,84,68,90,81,73,84,78,44,78,42,57,68
2020-01-26,85,90,69,100,84,84,76,80,85,97,90,77,97,95,97,41,78,68,50,100,82,100,78,32,81,68,59,76,93,83,90,75,69,100,71,32,86,78,60,64,82,73,66,69,76,97,81,90,83,82,70,100,84,70,100,69,86,59,68,70,68,49,96,59,69,23,68,88,79,84,66,82,91,76,74,93,82,82,80,100,82,67,100,47,51,68,53,56,80,93,89,84,91,73,81,73,94,94,73,85,83,66,76,100,78,77,64,61,68,70,66,84,91,63,62,64,70,51,80,89,92,54,78,64,24,89,77,59,58,80,60,73,63,73,82,90,98,80,91,89,91,80,59,100,62,67,96,54,76,54,4,85,58,82,45,50,70,86,65,30,87,56,83,63,50,77,93,70,88,93,71,75,79,46,75,42,59,66
2020-02-02,93,89,67,80,86,88,75,78,91,100,92,78,94,99,95,45,79,67,48,94,79,97,72,31,78,65,57,77,92,82,89,77,66,99,70,31,79,79,63,64,80,68,65,68,75,94,82,91,72,85,68,80,81,66,87,67,86,60,66,70,66,56,95,61,66,24,68,86,75,83,70,84,86,76,73,91,80,83,80,95,87,64,82,38,55,68,52,55,77,84,85,79,89,75,81,71,94,91,80,82,82,66,74,98,79,78,65,55,76,72,68,85,92,65,62,62,68,52,71,85,92,55,72,62,25,88,78,59,52,82,57,72,61,71,82,89,100,82,89,85,89,80,58,78,61,69,98,54,76,54,4,86,56,81,44,48,72,93,64,32,89,67,82,65,52,79,76,69,90,86,70,81,77,51,71,40,58,66
2020-02-09,93,87,100,77,86,83,79,78,90,97,86,75,88,93,93,40,79,69,44,89,91,91,64,30,75,59,59,73,90,85,87,76,73,99,69,30,72,79,65,64,80,60,56,67,79,90,85,88,65,87,67,77,81,67,83,66,89,58,65,68,65,61,95,60,66,26,71,86,77,82,62,82,77,73,80,91,79,79,77,91,84,67,81,39,70,69,51,50,73,93,86,97,89,78,82,71,94,93,83,81,76,64,77,94,69,78,67,53,78,76,62,86,96,68,62,64,70,56,80,86,94,55,70,63,26,94,78,59,52,81,56,73,63,71,83,96,91,79,94,81,89,81,58,68,64,70,96,57,79,57,4,88,57,82,49,49,73,94,67,29,92,84,89,71,54,76,88,71,88,83,76,83,100,63,74,41,58,64
2020-02-16,100,83,71,74,80,83,74,77,84,97,80,80,86,90,85,41,79,66,46,97,84,90,65,29,76,56,66,76,87,83,83,72,67,99,70,30,72,79,70,62,84,60,47,63,74,88,87,88,56,85,71,74,82,67,85,60,84,53,68,66,68,45,92,59,69,28,68,84,77,81,59,82,74,74,74,89,70,88,79,92,74,67,78,41,50,71,49,51,72,100,85,84,87,76,84,68,95,95,82,81,79,64,74,91,73,81,66,58,81,78,66,84,95,66,59,65,68,55,76,85,92,56,73,67,25,91,81,70,52,84,59,56,63,68,80,96,90,78,99,80,87,82,58,80,64,70,95,57,75,57,4,86,58,82,48,50,75,92,70,30,92,74,87,74,56,75,81,74,87,83,79,82,88,47,77,40,59,66
2020-02-23,98,83,100,72,80,82,72,77,88,88,80,77,85,89,86,29,77,68,44,88,80,89,66,29,80,62,68,74,88,80,83,70,65,88,70,31,79,77,68,63,80,61,48,62,72,89,79,82,68,87,67,72,76,71,84,61,87,50,63,66,63,43,94,59,70,30,71,83,76,79,66,79,76,69,66,85,71,75,77,91,83,63,90,27,55,74,48,51,71,85,91,66,84,76,79,69,96,93,85,83,79,66,84,93,79,77,68,63,80,73,61,83,96,68,62,60,77,53,76,91,93,56,64,65,26,89,77,60,52,81,57,74,61,69,84,89,92,81,97,80,84,80,57,86,63,71,97,54,76,54,4,86,59,78,47,49,71,91,67,30,87,71,83,67,52,78,73,70,86,100,73,91,77,51,74,41,57,63
2020-03-01,94,88,77,72,82,82,72,79,88,97,84,74,88,87,85,32,77,62,47,86,72,93,63,33,82,61,63,76,89,83,88,75,65,79,71,33,72,77,76,67,80,62,61,63,72,89,74,88,69,84,66,72,78,70,80,60,85,54,66,67,66,42,91,55,71,25,72,83,80,80,62,79,81,68,67,84,72,74,80,91,81,66,87,32,51,72,49,50,69,86,86,57,86,74,84,70,94,97,100,87,82,64,88,99,71,77,63,63,83,67,61,82,97,67,62,60,78,49,79,86,90,53,56,64,27,92,77,59,50,80,57,75,62,70,82,83,92,78,89,79,86,78,64,79,63,72,95,53,75,53,4,86,57,79,44,52,68,96,65,31,87,55,80,66,53,77,78,69,85,92,71,76,73,52,76,41,58,63
2020-03-08,84,85,59,67,83,77,68,78,81,95,79,70,84,85,83,47,72,62,53,83,65,86,56,28,77,68,64,73,92,80,85,74,61,73,66,41,71,72,64,69,69,57,77,57,68,91,72,87,69,66,69,67,78,67,71,55,87,69,61,65,61,37,91,52,65,24,67,76,74,75,62,75,80,65,64,79,73,100,71,87,100,59,75,21,44,68,48,47,62,73,83,54,77,74,77,67,87,85,84,93,74,67,100,97,67,70,63,63,78,61,72,78,87,64,68,61,82,51,65,83,89,58,57,60,34,87,70,70,54,73,56,76,58,67,87,83,89,74,82,100,77,77,66,68,58,71,89,52,73,52,4,82,52,80,42,53,67,91,62,30,87,53,76,65,51,72,100,64,76,99,67,66,64,52,73,40,58,56
2020-03-15,42,88,53,63,100,59,59,76,65,74,67,45,65,65,65,100,48,78,37,51,39,66,33,18,62,66,75,81,99,87,88,76,60,44,53,100,72,48,100,100,38,37,100,49,59,85,52,83,100,43,65,63,93,70,41,40,100,100,63,86,63,24,85,41,58,20,54,62,69,58,72,63,74,60,56,60,65,86,59,59,96,83,56,15,38,89,66,40,39,59,80,54,72,85,66,85,84,73,93,100,62,94,80,88,76,60,72,64,73,58,100,75,68,57,89,67,100,64,62,80,79,54,47,56,78,73,60,54,61,79,45,100,55,85,99,70,78,100,67,76,72,83,65,40,43,100,74,58,87,58,3,74,47,76,37,59,71,88,70,31,79,46,73,63,48,73,97,61,78,81,89,55,59,69,90,46,66,46
2020-03-22,35,82,60,75,99,57,58,82,59,71,66,39,67,60,63,77,46,93,39,44,29,70,37,16,67,58,84,76,93,88,82,82,58,35,60,95,58,46,97,68,32,39,80,51,58,83,43,87,81,38,100,75,92,84,42,44,97,67,63,87,63,26,94,50,74,14,51,66,72,61,58,60,90,49,54,59,67,48,64,59,64,91,65,11,44,82,62,46,45,33,79,65,61,85,60,87,87,61,89,96,58,100,62,85,92,53,92,64,74,60,81,71,61,56,100,82,96,84,71,79,82,56,31,62,100,70,53,54,60,79,45,80,57,87,100,46,68,99,49,86,61,90,74,37,43,99,67,62,92,62,3,75,57,72,35,62,78,83,70,28,72,44,74,57,100,69,65,69,67,67,95,53,33,68,100,57,57,45
2020-03-29,34,87,56,81,93,56,65,81,59,62,80,43,75,63,67,70,46,93,42,43,33,79,43,19,70,51,88,73,84,85,87,77,61,37,65,76,58,46,86,56,34,44,77,54,65,74,42,80,88,37,55,81,92,81,42,48,84,58,65,84,65,29,87,58,82,15,51,69,67,66,50,61,73,46,53,56,60,46,75,61,67,97,60,10,47,82,63,49,51,32,82,71,76,82,59,83,87,63,87,88,53,88,57,72,87,50,94,64,71,49,60,72,52,57,78,84,78,61,63,82,86,53,31,67,78,73,50,59,47,64,50,66,60,83,84,42,73,84,44,89,76,89,79,39,49,87,63,65,90,65,3,78,84,79,42,65,68,62,65,29,70,46,70,49,59,70,61,73,57,64,99,56,31,75,96,59,65,50
2020-04-05,35,82,61,81,93,60,66,95,60,61,74,44,75,62,62,63,49,94,38,56,38,74,40,16,63,48,100,81,85,94,82,83,53,39,85,64,60,49,87,66,35,58,64,62,66,77,42,78,59,38,58,81,92,84,44,57,82,60,74,84,74,31,94,80,85,15,57,74,70,71,48,66,78,52,50,61,65,45,89,59,70,89,51,10,58,99,76,54,53,32,78,68,67,78,66,75,83,67,81,84,48,84,57,70,72,54,100,63,74,45,48,71,57,55,73,94,75,57,65,78,80,56,39,81,74,68,54,61,55,71,56,48,63,75,80,43,65,73,45,68,67,83,97,43,54,86,56,65,84,65,3,86,97,85,41,70,75,72,73,28,75,46,73,50,60,68,53,84,55,66,91,52,30,77,95,65,70,55
2020-04-12,37,74,59,77,84,59,63,82,55,59,67,42,69,58,57,57,49,91,40,47,39,70,42,15,64,37,97,82,79,82,74,89,52,34,86,56,58,49,91,59,35,59,51,61,63,69,39,80,56,35,52,77,85,80,43,55,78,68,71,76,71,31,85,89,88,14,53,76,70,74,49,62,68,50,48,55,55,46,96,54,64,85,52,9,58,89,75,57,55,33,79,64,81,76,67,71,80,73,69,80,47,83,52,62,67,55,95,63,69,45,48,71,54,53,66,89,72,65,69,79,82,51,35,82,62,67,55,59,46,65,56,50,63,71,75,40,69,76,44,61,81,86,94,43,54,77,52,65,84,65,3,85,98,86,41,66,74,61,70,29,73,48,73,52,62,77,54,82,54,62,91,55,29,71,84,64,68,55
2020-04-19,35,76,55,72,88,62,67,95,58,68,77,47,74,61,60,29,54,95,51,58,45,76,48,19,69,41,96,85,79,82,76,87,52,35,85,44,56,54,79,67,46,60,54,59,67,71,40,78,51,36,58,72,86,86,42,57,80,68,71,80,71,33,89,83,92,17,57,79,75,80,48,66,74,57,50,61,59,50,93,62,71,84,60,10,59,94,84,58,61,33,85,60,67,80,70,81,87,71,78,83,51,80,55,66,72,55,87,66,69,45,47,75,58,57,60,94,72,51,80,85,86,59,34,86,52,70,55,59,58,74,57,71,67,81,73,40,77,76,43,89,67,88,100,44,57,74,59,63,89,63,3,89,99,87,40,70,79,64,76,30,78,56,73,52,68,72,53,86,54,62,92,55,29,77,83,66,71,57
2020-04-26,35,82,59,70,88,68,74,100,61,63,82,52,78,64,62,28,58,95,52,63,46,77,56,18,67,40,90,86,78,85,82,85,63,42,87,53,59,58,88,76,49,63,62,67,74,72,43,84,91,37,58,70,93,100,48,62,80,70,77,83,77,36,93,80,100,17,62,82,86,81,52,71,79,52,59,63,67,45,93,66,77,84,64,11,69,86,69,59,69,32,87,62,70,86,72,92,90,73,70,85,57,80,56,67,77,60,95,73,67,54,51,78,63,58,58,92,74,47,82,87,92,64,35,86,50,78,60,67,60,74,60,70,72,92,73,42,93,79,45,66,70,95,91,44,62,75,62,73,96,73,3,87,100,90,42,70,76,67,76,32,80,56,76,55,66,92,62,85,58,74,100,60,30,84,85,65,73,65
2020-05-03,34,86,63,70,89,74,78,91,69,58,83,59,82,66,62,48,60,94,69,63,53,83,57,21,82,44,91,94,74,96,86,94,62,40,91,67,63,60,87,74,57,70,68,68,78,79,45,80,65,40,62,70,89,94,49,64,79,65,73,81,73,39,96,100,89,19,63,84,82,83,56,71,81,56,60,63,82,45,93,71,78,79,54,13,70,100,73,62,69,33,91,63,63,85,74,84,86,71,72,80,56,76,53,68,95,62,91,73,75,52,51,79,65,58,51,94,72,45,82,91,86,64,33,90,48,76,62,69,48,77,60,66,70,84,67,43,78,76,46,57,63,88,92,45,62,70,58,68,92,68,3,90,95,96,43,72,80,68,79,28,79,54,73,61,72,82,55,88,57,71,96,60,30,83,82,62,70,65
2020-05-10,37,88,56,69,90,83,82,83,79,66,86,74,90,87,71,52,70,81,78,74,59,91,70,24,73,52,82,95,76,87,88,69,72,45,91,49,60,70,77,68,72,70,61,70,82,82,50,71,61,41,64,69,92,83,49,65,73,62,72,83,72,40,95,93,93,19,63,86,76,87,70,80,83,67,66,70,75,48,96,76,92,77,75,16,72,84,89,68,73,33,92,59,64,100,78,93,92,75,80,82,61,77,58,73,95,68,91,77,78,64,59,80,70,62,55,91,79,49,92,92,91,100,37,90,43,78,68,73,55,79,60,68,70,93,76,45,94,86,49,77,64,92,92,49,63,73,66,70,96,70,3,92,93,98,46,69,85,71,82,32,85,54,82,62,84,89,56,91,63,72,86,62,32,85,81,67,73,70
2020-05-17,35,77,54,55,82,87,76,68,81,65,74,73,78,81,62,41,75,77,51,64,54,85,61,27,62,45,86,92,74,100,77,61,71,46,100,52,59,75,85,60,77,82,54,72,76,77,53,66,46,46,65,55,80,77,48,66,72,53,70,75,70,41,91,95,82,23,66,91,74,93,59,77,82,60,63,63,68,45,97,70,77,70,66,15,63,87,78,62,74,36,88,60,58,82,85,91,93,82,87,81,68,76,60,71,90,71,92,79,71,68,69,80,75,59,53,100,77,46,94,88,95,91,40,98,45,86,71,100,48,82,67,67,73,91,75,51,91,84,52,69,58,91,93,53,66,77,68,67,92,67,3,96,96,93,64,73,93,71,91,32,84,60,81,59,82,87,56,94,64,77,85,64,32,84,79,66,78,74
2020-05-24,40,85,54,57,90,97,79,75,89,82,90,85,95,83,75,57,84,72,61,80,59,97,67,100,76,52,82,100,81,97,85,68,75,51,100,43,67,84,77,71,89,80,66,75,79,81,58,71,85,52,69,57,86,80,52,70,74,59,74,78,74,48,100,93,82,28,70,100,83,98,63,85,100,69,65,76,75,49,100,88,81,70,68,17,67,93,87,67,73,35,84,58,51,77,83,82,85,82,72,77,70,71,58,67,83,74,82,59,74,62,61,71,76,56,54,94,76,44,90,84,87,97,38,100,47,79,74,80,47,90,66,47,73,82,70,49,78,70,53,54,51,82,91,49,70,70,64,63,86,63,3,98,92,92,72,74,88,73,86,30,83,55,79,62,80,85,55,93,60,68,79,61,34,76,70,67,72,72
2020-05-31,45,83,54,59,89,95,83,74,94,77,97,90,95,83,75,50,90,77,59,78,76,99,71,64,75,50,77,100,81,95,83,67,75,62,98,48,71,90,92,66,95,81,58,75,83,86,65,71,71,61,70,59,87,74,51,71,76,55,71,79,71,55,99,92,87,33,74,96,87,98,63,88,72,69,71,79,67,52,97,86,85,72,65,19,93,84,74,68,81,34,96,58,62,80,91,96,93,94,79,84,85,76,67,74,92,82,84,63,79,85,71,80,88,61,56,89,82,53,84,96,88,91,39,98,41,87,82,74,54,90,65,66,74,96,71,51,83,79,56,67,62,91,88,49,68,72,76,67,91,67,4,99,87,91,77,68,96,78,92,29,89,59,83,61,79,99,57,97,71,78,79,72,34,84,80,68,76,79
2020-06-07,47,90,55,59,92,100,87,79,99,81,94,99,96,91,84,48,95,72,62,89,79,100,71,55,77,56,74,96,80,88,90,70,79,66,89,38,76,95,76,67,98,74,59,74,87,89,67,79,66,66,69,59,88,76,50,68,71,57,76,82,76,57,97,86,79,31,76,95,85,93,64,100,74,74,77,87,74,60,93,92,93,74,77,19,86,79,85,66,81,45,97,57,56,84,92,100,90,95,81,83,83,74,63,74,93,84,81,66,82,68,71,83,90,63,57,87,87,52,91,97,90,87,39,94,38,84,84,70,54,88,62,69,74,100,75,54,89,77,58,70,56,93,87,51,68,71,82,73,97,73,5,95,82,88,69,68,90,82,86,30,90,57,86,62,80,100,56,95,75,84,87,71,34,87,81,69,74,83
2020-06-14,54,86,58,61,89,97,78,75,100,88,80,94,88,87,81,46,92,74,57,89,85,97,64,48,81,55,72,93,80,88,86,70,75,70,84,37,70,92,80,68,97,70,64,72,78,87,71,81,61,72,70,61,86,73,54,67,71,58,75,75,75,47,97,83,73,33,79,90,79,89,68,96,77,72,80,80,70,64,91,97,90,72,76,22,74,76,70,62,75,43,94,55,54,82,94,96,93,98,78,80,84,72,64,76,93,86,77,68,81,62,75,78,89,62,58,90,84,49,85,94,91,88,40,98,39,91,86,69,52,95,69,66,77,96,75,56,84,78,61,73,54,93,85,65,70,71,79,72,95,72,5,97,83,87,76,67,95,84,89,29,93,60,83,70,79,92,59,97,76,82,80,70,35,87,78,63,76,86
2020-06-21,60,84,54,59,84,95,75,73,92,93,80,99,90,87,81,40,94,69,60,92,88,92,60,42,72,55,68,90,84,82,84,66,78,71,88,36,67,94,82,67,98,74,56,69,75,87,77,70,58,76,73,59,80,67,56,67,74,58,66,69,66,44,97,87,69,39,81,99,80,100,65,90,71,72,84,79,78,62,92,90,81,64,71,25,60,79,67,62,68,52,91,55,53,81,95,88,90,95,85,83,89,74,67,78,94,93,77,65,78,63,69,79,90,62,56,88,85,50,82,91,87,87,53,95,38,84,93,67,50,99,65,64,77,88,75,66,84,71,71,71,53,87,81,76,67,70,85,67,88,67,100,97,86,90,87,68,100,82,100,27,94,69,81,76,73,88,57,98,73,77,76,65,36,66,81,61,79,78
2020-06-28,62,82,54,63,88,96,79,74,94,97,88,100,100,93,86,34,98,68,91,90,90,95,68,41,73,100,69,92,84,83,82,67,83,81,83,37,69,98,86,93,100,76,56,72,79,100,82,77,88,82,75,63,83,72,59,66,73,59,68,73,68,49,99,88,74,39,80,96,79,93,65,88,70,76,86,88,73,65,86,94,81,69,70,26,62,78,66,58,73,60,98,56,57,85,100,99,96,100,85,89,100,75,75,97,100,96,77,76,84,68,78,82,100,66,59,89,89,50,89,98,88,87,52,94,37,99,96,66,54,98,71,67,76,99,80,68,89,80,75,73,57,93,81,78,73,71,91,73,97,73,5,100,80,93,81,64,96,92,91,29,100,100,87,75,79,97,61,100,83,83,83,74,45,64,84,64,78,92
2020-07-05,61,80,49,56,86,92,79,72,85,89,84,94,94,85,79,25,100,68,85,92,93,91,66,36,68,62,66,91,83,82,80,63,85,81,79,37,72,100,95,78,95,76,64,70,79,89,95,74,62,90,74,56,76,68,61,67,74,49,66,68,66,46,95,83,70,44,77,87,74,85,62,87,68,74,88,81,71,61,81,86,83,64,76,30,63,76,65,54,67,62,96,57,58,82,97,92,96,97,85,87,95,71,72,88,80,100,76,66,100,75,78,82,97,65,63,92,88,51,97,96,86,85,52,93,33,95,100,68,53,100,66,65,74,92,80,71,84,86,81,69,58,87,75,80,71,70,85,67,91,67,5,96,79,93,78,61,89,98,89,28,98,58,84,74,73,91,57,94,81,85,79,68,43,59,76,59,76,87
2020-07-12,64,77,46,57,78,90,73,62,86,76,73,86,83,73,66,17,96,73,73,68,95,84,69,31,56,51,67,88,81,76,77,55,87,77,82,47,77,96,100,63,89,88,37,73,73,76,95,65,51,88,77,57,73,62,60,77,72,44,65,69,65,50,87,72,65,48,79,80,76,79,61,82,64,71,89,70,64,53,79,73,71,65,59,28,78,75,60,64,75,58,90,53,55,80,90,84,92,95,78,80,90,69,68,87,85,95,72,65,81,76,77,80,95,60,60,90,86,47,88,90,88,81,54,83,34,86,95,68,51,92,65,60,69,84,76,77,90,82,85,66,55,82,72,87,68,68,86,63,83,63,5,92,78,94,86,62,85,95,83,28,95,56,83,80,65,79,61,88,76,71,77,72,43,57,76,56,70,76
2020-07-19,62,82,47,52,79,97,78,67,89,90,76,92,87,81,77,19,98,67,68,80,94,88,64,31,63,54,65,92,86,77,82,60,94,74,80,39,92,98,86,63,90,84,35,71,78,85,89,74,54,86,77,52,75,65,63,73,75,47,65,70,65,50,91,74,65,52,82,84,75,84,58,84,68,74,93,77,64,52,82,77,75,67,70,28,53,80,70,61,73,62,88,53,53,75,95,81,86,96,76,80,98,70,70,87,80,98,71,67,76,78,71,74,91,55,60,90,85,47,100,88,86,81,57,87,34,91,98,66,52,100,66,48,69,81,80,80,86,74,95,68,53,83,68,79,72,68,89,63,81,63,5,87,72,97,94,61,83,76,83,31,97,58,81,84,65,79,62,88,77,73,73,71,48,53,72,54,72,78
2020-07-26,57,79,48,53,76,91,73,64,84,79,80,92,83,76,69,20,93,66,45,78,91,87,65,35,57,50,66,87,83,81,79,60,85,77,80,37,98,93,89,61,89,77,32,66,73,81,99,67,89,90,80,53,77,68,60,67,73,44,66,70,66,46,90,73,66,52,78,88,75,88,56,83,70,68,92,75,61,50,85,75,70,64,56,29,53,81,64,59,71,63,87,58,48,73,95,77,83,98,79,81,95,69,70,91,76,95,75,62,79,85,68,74,88,57,56,90,86,45,90,87,79,79,50,81,34,95,95,68,51,97,65,45,71,77,73,79,89,72,97,67,48,80,66,71,69,68,84,63,81,63,5,89,72,91,89,60,83,71,83,28,98,60,81,81,64,80,64,86,71,78,71,62,48,50,74,52,71,74
2020-08-02,63,73,51,50,74,90,74,58,80,82,74,88,78,72,68,19,92,67,41,59,97,80,58,31,49,45,64,86,85,84,73,56,95,77,81,37,100,92,93,56,84,75,31,67,74,75,100,66,58,99,79,50,72,66,64,64,67,39,60,70,60,44,84,70,61,58,77,85,72,83,48,82,63,69,99,68,58,50,81,65,74,62,61,30,51,84,60,62,70,65,85,53,48,75,91,77,84,96,82,80,92,68,69,89,78,94,75,68,81,100,69,72,92,58,59,92,85,52,91,85,79,79,44,83,32,89,94,69,48,98,65,47,68,77,76,78,78,74,96,71,48,80,71,69,67,68,83,61,82,61,5,89,72,98,93,64,85,75,82,28,96,58,82,81,62,73,61,87,72,74,67,67,46,51,78,51,70,73
2020-08-09,70,68,45,52,69,87,73,52,80,72,67,81,72,65,58,15,91,69,41,50,100,74,50,26,49,44,60,84,78,72,68,54,100,78,78,44,69,91,100,55,78,73,30,63,73,71,97,73,51,100,74,52,67,56,80,62,68,37,60,67,60,45,79,65,59,58,76,83,71,85,55,74,60,65,100,67,61,46,81,63,67,60,43,31,48,79,56,60,69,67,80,49,70,74,91,72,83,94,77,75,89,66,68,86,74,94,70,73,78,94,67,74,85,58,57,85,86,49,88,80,78,74,47,80,31,99,94,65,48,92,63,59,66,72,75,79,78,73,98,60,70,79,62,67,64,65,82,59,80,59,5,86,69,97,100,60,89,70,92,27,94,55,82,81,60,76,55,88,70,80,66,69,50,49,83,49,73,69
2020-08-16,71,70,48,54,75,87,87,57,85,69,67,82,76,67,63,17,90,68,57,56,98,76,50,25,51,52,64,87,79,80,70,59,94,71,76,37,64,90,93,58,84,76,40,67,87,81,91,72,48,89,75,54,71,60,81,65,71,41,63,68,63,45,80,65,58,51,77,75,72,74,53,77,63,65,100,66,60,47,75,67,66,63,56,28,50,83,56,56,72,71,86,50,57,75,94,79,83,97,73,79,95,67,70,84,77,95,74,81,81,98,68,72,89,58,60,85,85,48,84,86,81,76,47,79,31,94,95,67,50,96,67,64,68,79,78,77,80,82,93,63,57,80,61,67,66,66,87,62,83,62,5,88,69,99,88,58,81,74,78,26,98,71,79,80,62,76,57,87,75,77,71,66,52,50,84,49,69,77
2020-08-23,72,82,51,62,81,88,93,63,91,76,69,85,82,74,70,22,84,68,80,67,89,79,63,29,66,67,60,85,83,80,82,63,81,65,75,36,70,84,80,62,86,81,56,69,93,86,79,79,63,75,73,62,77,65,85,68,71,51,64,73,64,45,86,65,60,43,77,77,77,76,56,82,64,68,88,78,66,46,76,76,76,68,65,26,49,74,59,60,75,73,88,53,51,74,89,84,82,98,72,77,93,67,70,84,74,91,76,84,76,99,64,76,86,58,63,83,83,48,85,88,77,69,47,77,32,85,91,64,47,96,72,59,73,84,78,75,81,69,95,64,51,80,61,72,74,67,83,61,84,61,5,86,69,100,78,60,79,74,78,28,96,61,80,74,58,70,59,83,72,71,70,67,51,52,77,50,72,82
2020-08-30,59,88,52,63,82,86,96,67,84,81,78,83,89,88,84,36,83,62,100,80,84,86,59,31,71,67,59,83,80,74,88,63,70,63,73,35,65,83,67,65,85,79,78,66,96,91,70,84,74,73,67,63,77,64,81,66,69,58,63,73,63,43,84,60,60,34,74,81,74,77,58,80,73,71,79,83,73,45,78,85,69,68,89,27,48,71,57,59,74,68,84,51,52,73,88,80,75,92,64,75,95,66,66,84,72,87,69,83,79,86,63,71,90,56,58,77,77,44,85,84,77,70,41,76,34,88,87,69,43,93,68,70,67,80,75,69,77,68,84,59,52,77,60,66,69,66,76,59,81,59,5,82,62,93,70,54,75,76,74,25,89,56,79,71,56,73,53,79,71,70,70,65,45,49,76,52,67,73
2020-09-06,63,89,52,66,85,89,87,77,91,92,78,86,92,87,82,45,87,66,93,85,82,89,58,34,77,68,62,85,100,86,89,71,70,62,74,36,71,87,65,73,86,71,70,67,87,99,67,89,64,74,65,66,79,68,86,67,76,59,64,74,64,45,91,59,61,32,77,86,78,81,68,84,77,71,84,90,80,48,79,91,86,68,78,27,51,70,62,57,75,61,91,48,54,77,87,84,89,92,76,77,96,70,67,88,72,86,69,100,83,74,69,73,90,63,65,83,84,48,87,91,80,69,41,75,31,100,86,60,47,92,64,80,67,84,85,68,83,77,82,62,54,82,64,72,66,70,87,60,84,60,5,87,61,91,62,59,78,86,76,30,95,53,85,100,62,79,56,81,77,74,70,71,45,52,76,55,68,74
2020-09-13,79,87,52,64,85,87,80,75,87,91,76,77,85,83,79,50,81,63,85,90,79,85,57,27,77,67,60,82,88,86,87,74,74,57,70,34,76,81,63,74,82,61,73,62,80,93,65,87,58,71,66,64,82,66,93,59,75,55,65,72,65,43,89,62,60,32,71,83,76,79,67,81,75,67,73,85,73,47,76,88,71,65,90,38,50,70,56,53,68,56,85,48,50,75,83,83,85,91,71,74,89,67,66,85,72,81,67,97,81,71,68,72,88,61,67,76,81,52,91,85,83,67,39,70,30,95,81,63,48,84,56,78,62,83,84,65,85,80,77,60,50,85,63,77,59,73,86,61,85,61,5,83,61,87,65,55,75,86,71,27,92,55,78,69,57,73,53,77,77,72,69,69,40,48,80,49,64,71
2020-09-20,63,90,53,63,84,86,80,78,89,81,80,80,83,85,85,56,80,65,75,91,74,87,66,29,82,65,60,78,89,85,90,73,68,58,75,35,73,80,59,72,86,72,69,67,80,92,63,84,60,67,65,63,86,67,78,67,75,56,68,74,68,44,92,61,64,30,69,93,80,87,67,85,75,62,73,95,89,47,82,92,73,66,81,20,49,72,54,58,78,55,91,54,53,77,82,86,93,89,71,76,86,69,67,88,71,79,67,95,77,68,64,73,82,59,72,72,78,50,85,91,88,64,34,74,32,93,79,60,50,85,62,77,65,86,86,58,84,82,71,59,53,86,61,77,65,78,87,61,85,61,5,85,67,88,54,54,75,88,73,28,90,49,81,61,55,75,49,78,75,75,74,66,39,51,75,56,65,74
2020-09-27,64,88,53,66,84,83,80,75,85,85,88,78,87,87,85,54,76,67,72,86,73,89,67,28,77,61,55,75,85,83,88,72,64,55,74,33,70,76,55,69,78,84,67,69,80,89,56,77,82,62,63,66,83,68,81,76,71,56,65,73,65,46,93,58,61,25,70,98,78,98,63,80,73,62,79,100,78,47,89,89,73,66,78,20,48,65,55,60,78,55,90,48,52,80,82,90,86,91,76,80,92,71,71,88,78,80,70,86,81,72,64,75,84,61,66,69,81,56,82,90,93,60,35,75,32,98,80,60,50,86,72,77,68,90,86,58,82,81,72,60,52,83,64,80,73,77,88,61,85,61,4,89,70,88,48,54,78,89,79,29,91,56,78,61,56,73,54,83,75,75,74,66,37,54,76,55,69,82
2020-10-04,60,87,51,64,83,80,78,76,84,84,88,81,87,87,85,57,76,69,67,90,75,100,67,30,79,66,59,79,85,88,87,74,58,57,76,33,70,76,58,67,79,79,68,68,78,90,57,78,63,61,62,64,83,67,88,72,74,55,66,70,66,45,92,63,64,25,71,95,77,95,61,79,74,62,69,91,77,46,87,88,77,65,79,25,50,70,57,61,78,58,91,49,57,77,84,89,86,89,79,77,87,72,65,88,69,80,73,76,86,70,71,72,86,64,67,71,84,51,82,91,100,62,33,76,32,93,80,60,49,84,69,80,69,89,86,58,82,89,70,60,57,84,65,71,73,77,87,61,86,61,5,91,73,87,47,57,81,93,78,32,94,53,78,61,58,87,52,83,79,80,73,62,40,57,77,56,70,81
2020-10-11,59,85,53,62,87,80,79,72,86,93,83,79,84,86,84,58,71,68,60,88,76,92,63,29,73,63,59,78,87,93,85,72,58,58,74,31,70,71,54,75,73,71,64,66,79,90,56,81,62,60,62,62,81,66,74,70,76,57,65,70,65,44,89,60,64,24,68,89,75,91,57,80,77,63,67,90,74,47,85,84,73,67,69,19,52,67,60,60,78,52,87,49,55,81,80,85,78,86,73,73,83,66,63,84,73,77,70,67,83,66,64,100,79,61,65,72,79,50,83,87,94,65,31,75,33,91,77,57,53,83,65,73,70,85,84,55,79,83,70,63,55,86,62,66,70,77,87,64,88,64,5,90,74,90,45,56,80,94,79,29,95,53,76,59,57,92,50,83,73,75,69,67,37,54,76,55,71,80
2020-10-18,71,82,59,59,83,80,79,69,82,98,74,76,80,82,82,34,73,69,51,80,74,83,65,28,83,59,62,78,81,96,82,71,61,59,75,32,69,73,58,68,78,70,45,66,79,86,59,80,53,65,65,59,78,65,76,68,75,49,64,68,64,44,87,61,67,27,69,88,78,87,58,80,71,61,73,85,75,42,85,80,72,70,69,20,51,77,56,59,81,50,88,50,54,78,81,86,89,86,71,76,84,69,63,80,63,75,71,64,82,65,62,84,85,59,62,71,78,50,84,88,94,62,34,77,35,99,75,59,53,81,70,71,70,86,80,55,79,81,66,70,54,84,60,73,71,75,87,63,85,63,4,86,73,91,45,55,79,75,77,31,93,55,77,59,58,73,49,81,72,78,72,61,37,59,75,56,74,83
2020-10-25,57,83,61,57,85,77,85,67,75,86,78,72,77,79,82,41,66,72,47,85,66,74,69,22,76,58,62,79,86,86,83,85,56,50,77,45,71,66,72,86,65,61,55,69,85,89,51,87,74,51,63,57,81,68,73,66,72,60,72,77,72,44,88,63,70,27,63,85,86,85,56,79,72,64,68,85,65,43,89,79,73,82,65,18,52,69,61,65,82,52,84,50,52,77,76,85,77,84,69,75,81,68,63,79,63,77,74,58,82,70,60,86,80,58,60,73,78,50,82,84,85,59,30,76,36,90,77,61,54,88,72,54,73,85,77,53,76,76,65,66,52,81,59,73,74,71,85,64,82,64,4,85,83,86,44,58,76,87,75,29,90,53,76,66,55,71,50,84,66,69,78,66,37,62,71,55,74,86
2020-11-01,40,87,52,52,87,70,88,71,69,84,80,65,79,83,88,58,58,70,47,86,46,77,65,19,79,56,58,78,80,80,87,92,49,41,74,38,62,58,74,97,58,63,67,69,88,84,40,88,67,39,56,52,88,68,65,66,74,56,75,81,75,55,86,66,67,27,61,85,100,84,55,75,68,57,59,87,74,40,83,79,68,84,79,16,58,66,66,72,77,39,79,47,48,73,69,84,73,72,74,71,76,67,57,72,61,69,66,55,80,57,56,69,70,60,55,60,75,50,67,79,85,55,24,70,38,81,69,53,100,85,69,64,70,84,72,41,73,88,47,57,48,77,55,64,69,70,76,63,77,63,4,81,71,76,38,56,71,68,70,27,82,47,69,50,53,73,47,75,63,71,68,64,30,67,66,55,67,74
2020-11-08,40,90,58,57,88,83,97,71,76,86,79,69,79,75,74,64,64,83,45,91,50,80,77,22,84,58,65,84,83,88,90,99,57,40,87,48,68,64,84,76,62,70,67,82,97,88,42,98,57,40,56,57,95,75,61,77,79,54,87,88,87,65,90,74,76,100,68,94,95,95,100,77,75,60,66,88,91,45,93,80,75,90,66,17,70,79,78,77,93,34,99,55,56,79,75,95,83,79,78,82,73,74,62,83,70,74,78,61,89,57,66,81,76,95,61,66,77,48,75,99,100,57,28,81,40,95,74,61,68,81,79,72,82,95,81,44,83,90,52,61,56,92,63,61,78,78,83,84,92,84,5,90,73,85,48,65,80,77,78,100,92,56,79,54,58,80,48,89,69,82,78,68,31,82,78,64,85,88
2020-11-15,40,100,56,57,92,78,99,75,74,93,81,72,82,85,84,67,66,77,42,99,47,84,80,24,100,53,67,84,90,88,100,100,57,43,90,44,79,66,62,69,64,76,69,88,99,87,44,98,57,42,60,57,100,76,65,80,79,59,96,92,96,72,96,92,81,62,72,97,95,95,70,80,83,64,69,93,100,44,96,85,77,100,68,14,76,84,86,79,93,35,100,53,66,83,77,93,81,83,77,82,70,74,59,81,67,74,77,58,88,59,63,82,78,100,61,67,78,50,76,100,99,63,25,83,43,95,74,63,78,83,83,69,91,93,80,45,81,87,49,64,66,100,66,61,85,76,86,100,96,100,5,92,73,83,45,70,80,90,77,44,91,56,80,59,57,87,50,87,66,78,75,62,32,87,82,69,94,92
2020-11-22,43,99,54,60,88,77,94,75,75,81,82,69,83,80,83,65,64,74,55,93,47,79,87,21,94,52,63,80,80,84,99,99,53,46,87,41,71,64,62,69,64,82,66,88,94,84,45,90,65,44,61,60,99,72,79,85,73,57,91,95,91,82,94,96,73,59,68,97,95,98,61,80,82,63,68,89,84,47,93,81,73,89,68,16,81,81,79,84,92,37,90,53,58,81,73,92,79,79,75,79,71,68,57,78,63,71,74,56,82,56,63,96,72,61,58,65,74,100,75,90,89,61,29,81,41,89,71,59,70,83,100,67,100,92,77,44,81,84,51,67,58,97,61,70,100,71,81,98,100,98,5,86,84,76,44,69,75,89,73,41,88,50,79,56,53,77,57,85,62,77,70,61,33,90,73,67,100,87
2020-11-29,47,94,56,56,90,80,100,74,76,81,83,66,83,82,83,60,61,74,50,86,49,79,100,25,90,52,59,77,95,84,94,95,52,49,91,48,71,61,64,75,69,100,62,100,100,83,49,98,76,48,60,56,98,68,77,100,69,57,100,100,100,96,95,97,69,66,73,93,91,93,53,77,74,64,69,88,76,51,91,78,75,95,78,17,91,76,80,100,100,43,89,49,64,77,73,92,83,80,74,79,73,68,57,80,61,68,72,52,83,57,55,81,70,63,59,63,76,46,79,89,89,55,26,77,41,88,68,60,60,90,87,65,93,92,78,45,84,89,49,68,64,91,57,75,90,70,80,80,87,80,5,91,81,79,43,72,71,91,70,62,89,50,91,55,54,86,49,78,59,81,72,52,33,99,73,82,85,82
2020-12-06,47,94,63,60,90,77,96,76,76,90,83,70,80,83,82,57,64,72,40,85,46,82,92,26,96,57,58,77,84,85,94,88,55,49,85,44,69,64,70,65,66,91,62,94,96,88,50,98,62,50,60,60,97,67,76,99,71,57,94,90,94,100,93,86,67,52,76,95,85,95,58,80,76,70,70,93,75,48,91,76,82,96,66,16,100,69,93,81,93,45,86,49,61,77,74,87,76,80,71,74,76,65,56,81,61,69,74,55,84,62,51,77,71,62,61,64,75,44,76,86,90,65,27,70,38,87,69,59,54,84,86,67,85,87,79,47,77,77,53,67,61,86,55,72,91,69,80,74,86,74,6,87,70,83,40,79,70,96,68,52,93,50,99,55,52,88,49,74,59,90,71,56,37,100,70,92,77,75
2020-12-13,47,89,50,61,89,75,87,69,79,83,79,72,78,84,83,59,64,81,39,82,51,77,85,24,88,53,59,76,83,74,89,76,58,52,75,44,64,64,69,63,65,77,59,85,87,86,52,99,55,54,61,61,91,64,73,85,72,55,86,81,86,91,85,74,66,53,82,84,82,81,56,74,75,74,67,85,75,48,80,73,79,92,67,18,98,68,100,71,84,43,81,49,59,78,71,77,72,75,70,76,72,66,54,75,57,64,80,51,76,65,49,86,65,57,61,62,72,42,67,81,88,58,26,64,44,87,64,59,54,83,77,61,82,77,79,49,73,76,55,61,59,82,50,73,80,69,78,70,82,70,6,80,68,78,40,86,66,100,64,40,87,48,100,56,46,77,52,67,55,88,71,57,37,96,67,100,71,67
2020-12-20,42,68,51,71,77,74,72,52,75,66,66,64,65,61,58,25,60,100,26,51,50,62,73,18,63,38,56,75,72,73,68,61,77,54,73,54,57,60,97,52,50,74,31,78,72,72,52,79,38,46,64,71,84,57,68,77,68,40,88,77,88,93,73,63,61,52,100,71,79,70,50,71,60,62,72,70,53,47,72,50,62,91,46,17,99,65,82,75,78,33,66,59,71,69,64,69,54,73,54,64,62,56,47,66,44,58,98,37,72,65,34,67,55,45,49,58,57,37,59,66,70,60,23,61,55,64,58,59,51,74,81,37,80,69,63,45,55,49,45,55,71,78,42,67,78,66,54,76,78,76,5,66,59,72,38,100,52,95,52,33,83,40,81,71,37,63,54,57,39,69,78,39,32,76,68,75,76,66
2020-12-27,42,69,55,77,76,76,80,49,75,68,68,69,69,62,59,27,65,86,29,54,54,70,85,21,61,38,57,79,76,77,69,59,70,51,81,50,57,65,96,56,63,73,36,75,80,72,55,74,59,52,67,77,80,61,57,72,71,46,81,80,81,69,75,61,59,53,93,78,78,83,51,70,65,56,58,73,51,44,83,54,61,84,51,17,66,74,63,74,96,38,72,70,71,71,77,80,58,83,56,68,71,61,55,83,42,74,86,43,65,66,47,76,70,48,55,64,73,45,89,72,80,69,35,83,52,75,74,62,54,86,89,53,84,80,71,48,60,55,52,61,71,82,51,81,88,70,46,82,89,82,5,75,67,76,43,86,68,68,68,49,74,58,71,55,40,53,51,80,50,80,91,41,29,61,68,61,96,100
